annee,mois,jour,jour_semaine,id_ligne,mode_transport,precipitation,vent,neige,temperature,meteo_defavorable,accessibilite,air_conditionne
2026,3,13,0,C00324,bus,2.9,25.0,0.0,8.5,0,unknown,partial
2026,3,13,0,C01535,bus,2.9,25.0,0.0,8.5,0,TRUE,partial
2026,3,13,0,C01605,bus,2.9,25.0,0.0,8.5,0,unknown,unknown
2026,3,13,0,C02314,bus,2.9,25.0,0.0,8.5,0,TRUE,partial
2026,3,13,0,C00346,bus,2.9,25.0,0.0,8.5,0,unknown,unknown
2026,3,13,0,C00176,bus,2.9,25.0,0.0,8.5,0,unknown,partial
2026,3,13,0,C01396,bus,2.9,25.0,0.0,8.5,0,unknown,FALSE
2026,3,13,0,C00755,bus,2.9,25.0,0.0,8.5,0,unknown,unknown
2026,3,13,0,C02235,bus,2.9,25.0,0.0,8.5,0,unknown,partial
2026,3,13,0,C01637,bus,2.9,25.0,0.0,8.5,0,TRUE,FALSE
2026,3,13,0,C00231,bus,2.9,25.0,0.0,8.5,0,unknown,partial
2026,3,13,0,C00975,bus,2.9,25.0,0.0,8.5,0,unknown,partial
2026,3,13,0,C01701,bus,2.9,25.0,0.0,8.5,0,unknown,partial
2026,3,13,0,C01180,bus,2.9,25.0,0.0,8.5,0,TRUE,TRUE
2026,3,13,0,C01712,bus,2.9,25.0,0.0,8.5,0,unknown,partial
2026,3,13,0,C01014,bus,2.9,25.0,0.0,8.5,0,unknown,partial
2026,3,13,0,C01302,bus,2.9,25.0,0.0,8.5,0,TRUE,FALSE
2026,3,13,0,C00909,bus,2.9,25.0,0.0,8.5,0,unknown,partial
2026,3,13,0,C00571,bus,2.9,25.0,0.0,8.5,0,unknown,TRUE
2026,3,13,0,C02060,bus,2.9,25.0,0.0,8.5,0,unknown,partial
2026,3,13,0,C02480,bus,2.9,25.0,0.0,8.5,0,unknown,unknown
2026,3,13,0,C02621,bus,2.9,25.0,0.0,8.5,0,unknown,partial
2026,3,13,0,C02687,bus,2.9,25.0,0.0,8.5,0,unknown,partial
2026,3,13,0,C02806,bus,2.9,25.0,0.0,8.5,0,unknown,partial
2026,3,13,0,C00305,bus,2.9,25.0,0.0,8.5,0,unknown,FALSE
2026,3,13,0,C01991,bus,2.9,25.0,0.0,8.5,0,FALSE,FALSE
2026,3,13,0,C01601,bus,2.9,25.0,0.0,8.5,0,unknown,unknown
2026,3,13,0,C01104,bus,2.9,25.0,0.0,8.5,0,TRUE,partial
2026,3,13,0,C01509,bus,2.9,25.0,0.0,8.5,0,unknown,unknown
2026,3,13,0,C00252,bus,2.9,25.0,0.0,8.5,0,unknown,partial
2026,3,13,0,C00506,bus,2.9,25.0,0.0,8.5,0,FALSE,FALSE
2026,3,13,0,C00124,bus,2.9,25.0,0.0,8.5,0,unknown,FALSE
2026,3,13,0,C00410,bus,2.9,25.0,0.0,8.5,0,unknown,FALSE
2026,3,13,0,C00828,bus,2.9,25.0,0.0,8.5,0,FALSE,partial
2026,3,13,0,C01822,bus,2.9,25.0,0.0,8.5,0,TRUE,partial
2026,3,13,0,C00535,bus,2.9,25.0,0.0,8.5,0,unknown,partial
2026,3,13,0,C00771,bus,2.9,25.0,0.0,8.5,0,TRUE,TRUE
2026,3,13,0,C02103,bus,2.9,25.0,0.0,8.5,0,FALSE,partial
2026,3,13,0,C02552,bus,2.9,25.0,0.0,8.5,0,unknown,partial
2026,3,13,0,C01791,bus,2.9,25.0,0.0,8.5,0,unknown,TRUE
2026,3,13,0,C01832,bus,2.9,25.0,0.0,8.5,0,FALSE,unknown
2026,3,13,0,C00139,bus,2.9,25.0,0.0,8.5,0,unknown,TRUE
2026,3,13,0,C00943,bus,2.9,25.0,0.0,8.5,0,unknown,partial
2026,3,13,0,C01715,bus,2.9,25.0,0.0,8.5,0,unknown,TRUE
2026,3,13,0,C01398,bus,2.9,25.0,0.0,8.5,0,TRUE,FALSE
2026,3,13,0,C01580,bus,2.9,25.0,0.0,8.5,0,TRUE,partial
2026,3,13,0,C01494,bus,2.9,25.0,0.0,8.5,0,unknown,partial
2026,3,13,0,C00689,bus,2.9,25.0,0.0,8.5,0,unknown,partial
2026,3,13,0,C01330,bus,2.9,25.0,0.0,8.5,0,TRUE,FALSE
2026,3,13,0,C01126,bus,2.9,25.0,0.0,8.5,0,TRUE,partial
2026,3,13,0,C02175,bus,2.9,25.0,0.0,8.5,0,FALSE,TRUE
2026,3,13,0,C00641,bus,2.9,25.0,0.0,8.5,0,unknown,partial
2026,3,13,0,C01118,bus,2.9,25.0,0.0,8.5,0,TRUE,FALSE
2026,3,13,0,C00275,bus,2.9,25.0,0.0,8.5,0,unknown,partial
2026,3,13,0,C00050,bus,2.9,25.0,0.0,8.5,0,TRUE,partial
2026,3,13,0,C02400,bus,2.9,25.0,0.0,8.5,0,FALSE,TRUE
2026,3,13,0,C02571,bus,2.9,25.0,0.0,8.5,0,unknown,partial
2026,3,13,0,C00749,bus,2.9,25.0,0.0,8.5,0,unknown,unknown
2026,3,13,0,C02802,bus,2.9,25.0,0.0,8.5,0,unknown,unknown
2026,3,13,0,C00515,bus,2.9,25.0,0.0,8.5,0,FALSE,FALSE
2026,3,13,0,C00866,bus,2.9,25.0,0.0,8.5,0,FALSE,FALSE
2026,3,13,0,C01389,tram,2.9,25.0,0.0,8.5,0,TRUE,TRUE
2026,3,13,0,C02291,bus,2.9,25.0,0.0,8.5,0,FALSE,TRUE
2026,3,13,0,C01836,bus,2.9,25.0,0.0,8.5,0,FALSE,unknown
2026,3,13,0,C01878,bus,2.9,25.0,0.0,8.5,0,TRUE,unknown
2026,3,13,0,C01967,bus,2.9,25.0,0.0,8.5,0,FALSE,partial
2026,3,13,0,C02026,bus,2.9,25.0,0.0,8.5,0,unknown,partial
2026,3,13,0,C01440,bus,2.9,25.0,0.0,8.5,0,FALSE,unknown
2026,3,13,0,C00421,bus,2.9,25.0,0.0,8.5,0,unknown,FALSE
2026,3,13,0,C00856,bus,2.9,25.0,0.0,8.5,0,FALSE,FALSE
2026,3,13,0,C01211,bus,2.9,25.0,0.0,8.5,0,TRUE,FALSE
2026,3,13,0,C00485,bus,2.9,25.0,0.0,8.5,0,unknown,FALSE
2026,3,13,0,C01182,bus,2.9,25.0,0.0,8.5,0,TRUE,FALSE
2026,3,13,0,C00042,bus,2.9,25.0,0.0,8.5,0,FALSE,partial
2026,3,13,0,C02615,bus,2.9,25.0,0.0,8.5,0,unknown,partial
2026,3,13,0,C02689,bus,2.9,25.0,0.0,8.5,0,unknown,partial
2026,3,13,0,C02691,bus,2.9,25.0,0.0,8.5,0,unknown,partial
2026,3,13,0,C02809,bus,2.9,25.0,0.0,8.5,0,unknown,unknown
2026,3,13,0,C01115,bus,2.9,25.0,0.0,8.5,0,TRUE,FALSE
2026,3,13,0,C02307,bus,2.9,25.0,0.0,8.5,0,unknown,partial
2026,3,13,0,C00942,bus,2.9,25.0,0.0,8.5,0,unknown,TRUE
2026,3,13,0,C00395,bus,2.9,25.0,0.0,8.5,0,unknown,TRUE
2026,3,13,0,C01538,bus,2.9,25.0,0.0,8.5,0,TRUE,partial
2026,3,13,0,C01288,bus,2.9,25.0,0.0,8.5,0,TRUE,FALSE
2026,3,13,0,C01300,bus,2.9,25.0,0.0,8.5,0,unknown,TRUE
2026,3,13,0,C01329,bus,2.9,25.0,0.0,8.5,0,TRUE,FALSE
2026,3,13,0,C01904,bus,2.9,25.0,0.0,8.5,0,FALSE,unknown
2026,3,13,0,C02466,bus,2.9,25.0,0.0,8.5,0,unknown,TRUE
2026,3,13,0,C02595,bus,2.9,25.0,0.0,8.5,0,unknown,partial
2026,3,13,0,C02704,bus,2.9,25.0,0.0,8.5,0,unknown,partial
2026,3,13,0,C01688,bus,2.9,25.0,0.0,8.5,0,FALSE,partial
2026,3,13,0,C00503,bus,2.9,25.0,0.0,8.5,0,unknown,unknown
2026,3,13,0,C01191,bus,2.9,25.0,0.0,8.5,0,TRUE,FALSE
2026,3,13,0,C01543,bus,2.9,25.0,0.0,8.5,0,TRUE,unknown
2026,3,13,0,C00144,bus,2.9,25.0,0.0,8.5,0,FALSE,partial
2026,3,13,0,C01305,bus,2.9,25.0,0.0,8.5,0,TRUE,FALSE
2026,3,13,0,C00380,bus,2.9,25.0,0.0,8.5,0,unknown,partial
2026,3,13,0,C02093,bus,2.9,25.0,0.0,8.5,0,FALSE,TRUE
2026,3,13,0,C02387,bus,2.9,25.0,0.0,8.5,0,unknown,partial
2026,3,13,0,C02503,bus,2.9,25.0,0.0,8.5,0,unknown,partial
2026,3,13,0,C02523,bus,2.9,25.0,0.0,8.5,0,unknown,partial
2026,3,13,0,C02797,bus,2.9,25.0,0.0,8.5,0,unknown,unknown
2026,3,13,0,C01679,tram,2.9,25.0,0.0,8.5,0,TRUE,TRUE
2026,3,13,0,C00527,bus,2.9,25.0,0.0,8.5,0,FALSE,partial
2026,3,13,0,C01240,bus,2.9,25.0,0.0,8.5,0,TRUE,TRUE
2026,3,13,0,C00531,bus,2.9,25.0,0.0,8.5,0,FALSE,FALSE
2026,3,13,0,C02463,bus,2.9,25.0,0.0,8.5,0,TRUE,FALSE
2026,3,13,0,C02581,bus,2.9,25.0,0.0,8.5,0,unknown,unknown
2026,3,13,0,C02602,bus,2.9,25.0,0.0,8.5,0,unknown,partial
2026,3,13,0,C01485,bus,2.9,25.0,0.0,8.5,0,TRUE,FALSE
2026,3,13,0,C01508,bus,2.9,25.0,0.0,8.5,0,unknown,unknown
2026,3,13,0,C00343,bus,2.9,25.0,0.0,8.5,0,unknown,FALSE
2026,3,13,0,C01987,bus,2.9,25.0,0.0,8.5,0,FALSE,FALSE
2026,3,13,0,C01327,bus,2.9,25.0,0.0,8.5,0,TRUE,FALSE
2026,3,13,0,C01189,bus,2.9,25.0,0.0,8.5,0,TRUE,FALSE
2026,3,13,0,C01227,bus,2.9,25.0,0.0,8.5,0,TRUE,TRUE
2026,3,13,0,C02179,bus,2.9,25.0,0.0,8.5,0,,
2026,3,13,0,C01207,bus,2.9,25.0,0.0,8.5,0,TRUE,FALSE
2026,3,13,0,C00394,bus,2.9,25.0,0.0,8.5,0,unknown,partial
2026,3,13,0,C02681,bus,2.9,25.0,0.0,8.5,0,unknown,FALSE
2026,3,13,0,C02701,bus,2.9,25.0,0.0,8.5,0,unknown,partial
2026,3,13,0,C01850,bus,2.9,25.0,0.0,8.5,0,FALSE,unknown
2026,3,13,0,C00922,bus,2.9,25.0,0.0,8.5,0,FALSE,TRUE
2026,3,13,0,C02168,bus,2.9,25.0,0.0,8.5,0,FALSE,partial
2026,3,13,0,C01625,bus,2.9,25.0,0.0,8.5,0,unknown,partial
2026,3,13,0,C01136,bus,2.9,25.0,0.0,8.5,0,TRUE,FALSE
2026,3,13,0,C01795,tram,2.9,25.0,0.0,8.5,0,TRUE,TRUE
2026,3,13,0,C01789,bus,2.9,25.0,0.0,8.5,0,unknown,TRUE
2026,3,13,0,C01995,bus,2.9,25.0,0.0,8.5,0,FALSE,partial
2026,3,13,0,C00387,bus,2.9,25.0,0.0,8.5,0,unknown,partial
2026,3,13,0,C00425,bus,2.9,25.0,0.0,8.5,0,TRUE,FALSE
2026,3,13,0,C00624,bus,2.9,25.0,0.0,8.5,0,unknown,partial
2026,3,13,0,C02458,bus,2.9,25.0,0.0,8.5,0,unknown,FALSE
2026,3,13,0,C02519,bus,2.9,25.0,0.0,8.5,0,unknown,partial
2026,3,13,0,C02607,bus,2.9,25.0,0.0,8.5,0,unknown,partial
2026,3,13,0,C02773,bus,2.9,25.0,0.0,8.5,0,unknown,partial
2026,3,13,0,C02820,bus,2.9,25.0,0.0,8.5,0,unknown,unknown
2026,3,13,0,C01040,bus,2.9,25.0,0.0,8.5,0,FALSE,TRUE
2026,3,13,0,C01714,bus,2.9,25.0,0.0,8.5,0,unknown,partial
2026,3,13,0,C00486,bus,2.9,25.0,0.0,8.5,0,unknown,FALSE
2026,3,13,0,C01155,bus,2.9,25.0,0.0,8.5,0,TRUE,FALSE
2026,3,13,0,C00905,bus,2.9,25.0,0.0,8.5,0,unknown,TRUE
2026,3,13,0,C02739,bus,2.9,25.0,0.0,8.5,0,unknown,partial
2026,3,13,0,C01357,bus,2.9,25.0,0.0,8.5,0,TRUE,FALSE
2026,3,13,0,C00586,bus,2.9,25.0,0.0,8.5,0,unknown,partial
2026,3,13,0,C00634,bus,2.9,25.0,0.0,8.5,0,TRUE,partial
2026,3,13,0,C02074,bus,2.9,25.0,0.0,8.5,0,FALSE,TRUE
2026,3,13,0,C01212,bus,2.9,25.0,0.0,8.5,0,TRUE,FALSE
2026,3,13,0,C00850,bus,2.9,25.0,0.0,8.5,0,unknown,FALSE
2026,3,13,0,C00987,bus,2.9,25.0,0.0,8.5,0,unknown,partial
2026,3,13,0,C01501,bus,2.9,25.0,0.0,8.5,0,unknown,unknown
2026,3,13,0,C01257,bus,2.9,25.0,0.0,8.5,0,TRUE,FALSE
2026,3,13,0,C02287,bus,2.9,25.0,0.0,8.5,0,unknown,partial
2026,3,13,0,C00194,bus,2.9,25.0,0.0,8.5,0,unknown,partial
2026,3,13,0,C00517,bus,2.9,25.0,0.0,8.5,0,FALSE,FALSE
2026,3,13,0,C01876,bus,2.9,25.0,0.0,8.5,0,TRUE,unknown
2026,3,13,0,C02771,bus,2.9,25.0,0.0,8.5,0,unknown,partial
2026,3,13,0,C01634,bus,2.9,25.0,0.0,8.5,0,TRUE,TRUE
2026,3,13,0,C02283,bus,2.9,25.0,0.0,8.5,0,unknown,partial
2026,3,13,0,C00900,bus,2.9,25.0,0.0,8.5,0,unknown,partial
2026,3,13,0,C01272,bus,2.9,25.0,0.0,8.5,0,TRUE,TRUE
2026,3,13,0,C01363,bus,2.9,25.0,0.0,8.5,0,TRUE,FALSE
2026,3,13,0,C01060,bus,2.9,25.0,0.0,8.5,0,FALSE,TRUE
2026,3,13,0,C02461,bus,2.9,25.0,0.0,8.5,0,unknown,partial
2026,3,13,0,C02479,bus,2.9,25.0,0.0,8.5,0,unknown,unknown
2026,3,13,0,C01852,bus,2.9,25.0,0.0,8.5,0,FALSE,unknown
2026,3,13,0,C00658,bus,2.9,25.0,0.0,8.5,0,unknown,partial
2026,3,13,0,C00307,bus,2.9,25.0,0.0,8.5,0,unknown,FALSE
2026,3,13,0,C01999,tram,2.9,25.0,0.0,8.5,0,TRUE,TRUE
2026,3,13,0,C02127,bus,2.9,25.0,0.0,8.5,0,FALSE,partial
2026,3,13,0,C02151,bus,2.9,25.0,0.0,8.5,0,FALSE,partial
2026,3,13,0,C00855,bus,2.9,25.0,0.0,8.5,0,FALSE,FALSE
2026,3,13,0,C01282,bus,2.9,25.0,0.0,8.5,0,TRUE,TRUE
2026,3,13,0,C00615,bus,2.9,25.0,0.0,8.5,0,unknown,partial
2026,3,13,0,C00907,bus,2.9,25.0,0.0,8.5,0,unknown,TRUE
2026,3,13,0,C01510,bus,2.9,25.0,0.0,8.5,0,unknown,unknown
2026,3,13,0,C00233,bus,2.9,25.0,0.0,8.5,0,unknown,partial
2026,3,13,0,C01187,bus,2.9,25.0,0.0,8.5,0,TRUE,FALSE
2026,3,13,0,C01489,bus,2.9,25.0,0.0,8.5,0,FALSE,FALSE
2026,3,13,0,C00911,bus,2.9,25.0,0.0,8.5,0,unknown,partial
2026,3,13,0,C00211,bus,2.9,25.0,0.0,8.5,0,unknown,partial
2026,3,13,0,C00476,bus,2.9,25.0,0.0,8.5,0,unknown,unknown
2026,3,13,0,C01953,bus,2.9,25.0,0.0,8.5,0,FALSE,FALSE
2026,3,13,0,C01119,bus,2.9,25.0,0.0,8.5,0,TRUE,TRUE
2026,3,13,0,C01033,bus,2.9,25.0,0.0,8.5,0,unknown,unknown
2026,3,13,0,C02167,bus,2.9,25.0,0.0,8.5,0,FALSE,partial
2026,3,13,0,C00576,bus,2.9,25.0,0.0,8.5,0,unknown,partial
2026,3,13,0,C01974,bus,2.9,25.0,0.0,8.5,0,FALSE,partial
2026,3,13,0,C01811,bus,2.9,25.0,0.0,8.5,0,FALSE,partial
2026,3,13,0,C00656,bus,2.9,25.0,0.0,8.5,0,unknown,partial
2026,3,13,0,C02231,bus,2.9,25.0,0.0,8.5,0,unknown,partial
2026,3,13,0,C00073,bus,2.9,25.0,0.0,8.5,0,unknown,unknown
2026,3,13,0,C02233,bus,2.9,25.0,0.0,8.5,0,unknown,partial
2026,3,13,0,C01198,bus,2.9,25.0,0.0,8.5,0,TRUE,TRUE
2026,3,13,0,C02439,bus,2.9,25.0,0.0,8.5,0,unknown,unknown
2026,3,13,0,C02109,bus,2.9,25.0,0.0,8.5,0,FALSE,partial
2026,3,13,0,C01052,bus,2.9,25.0,0.0,8.5,0,FALSE,partial
2026,3,13,0,C02147,bus,2.9,25.0,0.0,8.5,0,FALSE,partial
2026,3,13,0,C02564,bus,2.9,25.0,0.0,8.5,0,unknown,partial
2026,3,13,0,C01870,bus,2.9,25.0,0.0,8.5,0,FALSE,partial
2026,3,13,0,C00401,bus,2.9,25.0,0.0,8.5,0,unknown,FALSE
2026,3,13,0,C00166,bus,2.9,25.0,0.0,8.5,0,unknown,FALSE
2026,3,13,0,C00782,bus,2.9,25.0,0.0,8.5,0,TRUE,TRUE
2026,3,13,0,C01687,bus,2.9,25.0,0.0,8.5,0,TRUE,partial
2026,3,13,0,C01100,bus,2.9,25.0,0.0,8.5,0,TRUE,TRUE
2026,3,13,0,C00756,bus,2.9,25.0,0.0,8.5,0,unknown,unknown
2026,3,13,0,C01169,bus,2.9,25.0,0.0,8.5,0,TRUE,FALSE
2026,3,13,0,C01218,bus,2.9,25.0,0.0,8.5,0,TRUE,TRUE
2026,3,13,0,C01469,bus,2.9,25.0,0.0,8.5,0,FALSE,unknown
2026,3,13,0,C01693,bus,2.9,25.0,0.0,8.5,0,unknown,partial
2026,3,13,0,C01074,bus,2.9,25.0,0.0,8.5,0,TRUE,partial
2026,3,13,0,C00963,bus,2.9,25.0,0.0,8.5,0,unknown,partial
2026,3,13,0,C00480,bus,2.9,25.0,0.0,8.5,0,unknown,unknown
2026,3,13,0,C00414,bus,2.9,25.0,0.0,8.5,0,unknown,FALSE
2026,3,13,0,C01459,bus,2.9,25.0,0.0,8.5,0,FALSE,unknown
2026,3,13,0,C00481,bus,2.9,25.0,0.0,8.5,0,unknown,unknown
2026,3,13,0,C00562,bus,2.9,25.0,0.0,8.5,0,,
2026,3,13,0,C00606,bus,2.9,25.0,0.0,8.5,0,unknown,partial
2026,3,13,0,C00662,bus,2.9,25.0,0.0,8.5,0,unknown,partial
2026,3,13,0,C01319,bus,2.9,25.0,0.0,8.5,0,TRUE,FALSE
2026,3,13,0,C00839,bus,2.9,25.0,0.0,8.5,0,FALSE,FALSE
2026,3,13,0,C00989,bus,2.9,25.0,0.0,8.5,0,unknown,partial
2026,3,13,0,C00519,bus,2.9,25.0,0.0,8.5,0,FALSE,FALSE
2026,3,13,0,C00599,bus,2.9,25.0,0.0,8.5,0,FALSE,partial
2026,3,13,0,C01043,bus,2.9,25.0,0.0,8.5,0,FALSE,unknown
2026,3,13,0,C01902,bus,2.9,25.0,0.0,8.5,0,FALSE,unknown
2026,3,13,0,C02435,bus,2.9,25.0,0.0,8.5,0,unknown,unknown
2026,3,13,0,C02709,bus,2.9,25.0,0.0,8.5,0,unknown,unknown
2026,3,13,0,C02745,bus,2.9,25.0,0.0,8.5,0,unknown,unknown
2026,3,13,0,C01970,bus,2.9,25.0,0.0,8.5,0,FALSE,partial
2026,3,13,0,C00836,bus,2.9,25.0,0.0,8.5,0,unknown,FALSE
2026,3,13,0,C01455,bus,2.9,25.0,0.0,8.5,0,FALSE,unknown
2026,3,13,0,C00242,bus,2.9,25.0,0.0,8.5,0,FALSE,partial
2026,3,13,0,C01937,bus,2.9,25.0,0.0,8.5,0,unknown,partial
2026,3,13,0,C02232,bus,2.9,25.0,0.0,8.5,0,unknown,partial
2026,3,13,0,C01049,bus,2.9,25.0,0.0,8.5,0,FALSE,TRUE
2026,3,13,0,C02097,bus,2.9,25.0,0.0,8.5,0,FALSE,TRUE
2026,3,13,0,C00379,bus,2.9,25.0,0.0,8.5,0,unknown,partial
2026,3,13,0,C02412,bus,2.9,25.0,0.0,8.5,0,unknown,TRUE
2026,3,13,0,C02695,bus,2.9,25.0,0.0,8.5,0,unknown,partial
2026,3,13,0,C00332,bus,2.9,25.0,0.0,8.5,0,TRUE,partial
2026,3,13,0,C00697,bus,2.9,25.0,0.0,8.5,0,TRUE,partial
2026,3,13,0,C00177,bus,2.9,25.0,0.0,8.5,0,unknown,FALSE
2026,3,13,0,C02117,bus,2.9,25.0,0.0,8.5,0,FALSE,TRUE
2026,3,13,0,C01757,bus,2.9,25.0,0.0,8.5,0,TRUE,unknown
2026,3,13,0,C01672,bus,2.9,25.0,0.0,8.5,0,TRUE,partial
2026,3,13,0,C00665,bus,2.9,25.0,0.0,8.5,0,TRUE,partial
2026,3,13,0,C00521,bus,2.9,25.0,0.0,8.5,0,unknown,unknown
2026,3,13,0,C00917,bus,2.9,25.0,0.0,8.5,0,unknown,partial
2026,3,13,0,C01058,bus,2.9,25.0,0.0,8.5,0,FALSE,partial
2026,3,13,0,C02456,bus,2.9,25.0,0.0,8.5,0,unknown,TRUE
2026,3,13,0,C02494,bus,2.9,25.0,0.0,8.5,0,unknown,FALSE
2026,3,13,0,C01286,bus,2.9,25.0,0.0,8.5,0,TRUE,FALSE
2026,3,13,0,C02594,bus,2.9,25.0,0.0,8.5,0,unknown,partial
2026,3,13,0,C02750,bus,2.9,25.0,0.0,8.5,0,unknown,partial
2026,3,13,0,C00029,bus,2.9,25.0,0.0,8.5,0,unknown,FALSE
2026,3,13,0,C01973,bus,2.9,25.0,0.0,8.5,0,FALSE,partial
2026,3,13,0,C00103,bus,2.9,25.0,0.0,8.5,0,FALSE,TRUE
2026,3,13,0,C01140,bus,2.9,25.0,0.0,8.5,0,TRUE,TRUE
2026,3,13,0,C01622,bus,2.9,25.0,0.0,8.5,0,TRUE,partial
2026,3,13,0,C00785,bus,2.9,25.0,0.0,8.5,0,TRUE,TRUE
2026,3,13,0,C01432,bus,2.9,25.0,0.0,8.5,0,unknown,partial
2026,3,13,0,C01229,bus,2.9,25.0,0.0,8.5,0,TRUE,FALSE
2026,3,13,0,C00629,bus,2.9,25.0,0.0,8.5,0,unknown,partial
2026,3,13,0,C00074,bus,2.9,25.0,0.0,8.5,0,TRUE,unknown
2026,3,13,0,C00979,bus,2.9,25.0,0.0,8.5,0,unknown,partial
2026,3,13,0,C02005,bus,2.9,25.0,0.0,8.5,0,unknown,unknown
2026,3,13,0,C00069,bus,2.9,25.0,0.0,8.5,0,unknown,unknown
2026,3,13,0,C02601,bus,2.9,25.0,0.0,8.5,0,unknown,partial
2026,3,13,0,C02619,bus,2.9,25.0,0.0,8.5,0,unknown,partial
2026,3,13,0,C01853,bus,2.9,25.0,0.0,8.5,0,FALSE,unknown
2026,3,13,0,C01962,bus,2.9,25.0,0.0,8.5,0,FALSE,partial
2026,3,13,0,C00364,bus,2.9,25.0,0.0,8.5,0,unknown,partial
2026,3,13,0,C00175,bus,2.9,25.0,0.0,8.5,0,unknown,FALSE
2026,3,13,0,C01560,bus,2.9,25.0,0.0,8.5,0,unknown,TRUE
2026,3,13,0,C01431,bus,2.9,25.0,0.0,8.5,0,unknown,partial
2026,3,13,0,C01831,bus,2.9,25.0,0.0,8.5,0,FALSE,unknown
2026,3,13,0,C00030,bus,2.9,25.0,0.0,8.5,0,FALSE,FALSE
2026,3,13,0,C00072,bus,2.9,25.0,0.0,8.5,0,unknown,unknown
2026,3,13,0,C00694,bus,2.9,25.0,0.0,8.5,0,TRUE,partial
2026,3,13,0,C01564,bus,2.9,25.0,0.0,8.5,0,unknown,partial
2026,3,13,0,C00306,bus,2.9,25.0,0.0,8.5,0,TRUE,partial
2026,3,13,0,C01139,bus,2.9,25.0,0.0,8.5,0,TRUE,FALSE
2026,3,13,0,C02154,bus,2.9,25.0,0.0,8.5,0,FALSE,TRUE
2026,3,13,0,C01147,bus,2.9,25.0,0.0,8.5,0,TRUE,FALSE
2026,3,13,0,C01735,bus,2.9,25.0,0.0,8.5,0,unknown,partial
2026,3,13,0,C00845,bus,2.9,25.0,0.0,8.5,0,FALSE,FALSE
2026,3,13,0,C00958,bus,2.9,25.0,0.0,8.5,0,TRUE,partial
2026,3,13,0,C01700,bus,2.9,25.0,0.0,8.5,0,unknown,partial
2026,3,13,0,C01287,bus,2.9,25.0,0.0,8.5,0,TRUE,FALSE
2026,3,13,0,C00270,bus,2.9,25.0,0.0,8.5,0,unknown,partial
2026,3,13,0,C01586,bus,2.9,25.0,0.0,8.5,0,unknown,partial
2026,3,13,0,C02207,bus,2.9,25.0,0.0,8.5,0,FALSE,TRUE
2026,3,13,0,C00299,bus,2.9,25.0,0.0,8.5,0,TRUE,FALSE
2026,3,13,0,C02664,bus,2.9,25.0,0.0,8.5,0,,
2026,3,13,0,C02732,tram,2.9,25.0,0.0,8.5,0,FALSE,TRUE
2026,3,13,0,C01388,tram,2.9,25.0,0.0,8.5,0,TRUE,unknown
2026,3,13,0,C00016,bus,2.9,25.0,0.0,8.5,0,unknown,partial
2026,3,13,0,C01498,bus,2.9,25.0,0.0,8.5,0,TRUE,partial
2026,3,13,0,C02128,bus,2.9,25.0,0.0,8.5,0,FALSE,partial
2026,3,13,0,C01402,bus,2.9,25.0,0.0,8.5,0,TRUE,FALSE
2026,3,13,0,C02139,bus,2.9,25.0,0.0,8.5,0,FALSE,FALSE
2026,3,13,0,C01677,bus,2.9,25.0,0.0,8.5,0,TRUE,partial
2026,3,13,0,C01160,bus,2.9,25.0,0.0,8.5,0,TRUE,TRUE
2026,3,13,0,C01224,bus,2.9,25.0,0.0,8.5,0,TRUE,FALSE
2026,3,13,0,C02205,bus,2.9,25.0,0.0,8.5,0,TRUE,partial
2026,3,13,0,C00214,bus,2.9,25.0,0.0,8.5,0,unknown,partial
2026,3,13,0,C00423,bus,2.9,25.0,0.0,8.5,0,unknown,FALSE
2026,3,13,0,C01816,bus,2.9,25.0,0.0,8.5,0,FALSE,partial
2026,3,13,0,C00516,bus,2.9,25.0,0.0,8.5,0,FALSE,FALSE
2026,3,13,0,C00598,bus,2.9,25.0,0.0,8.5,0,unknown,partial
2026,3,13,0,C00544,bus,2.9,25.0,0.0,8.5,0,TRUE,partial
2026,3,13,0,C00680,bus,2.9,25.0,0.0,8.5,0,unknown,unknown
2026,3,13,0,C02795,bus,2.9,25.0,0.0,8.5,0,unknown,unknown
2026,3,13,0,C00655,bus,2.9,25.0,0.0,8.5,0,FALSE,partial
2026,3,13,0,C01993,bus,2.9,25.0,0.0,8.5,0,FALSE,TRUE
2026,3,13,0,C01267,bus,2.9,25.0,0.0,8.5,0,unknown,TRUE
2026,3,13,0,C00619,bus,2.9,25.0,0.0,8.5,0,unknown,partial
2026,3,13,0,C01414,bus,2.9,25.0,0.0,8.5,0,TRUE,FALSE
2026,3,13,0,C00637,bus,2.9,25.0,0.0,8.5,0,unknown,partial
2026,3,13,0,C01612,bus,2.9,25.0,0.0,8.5,0,unknown,unknown
2026,3,13,0,C01194,bus,2.9,25.0,0.0,8.5,0,TRUE,FALSE
2026,3,13,0,C01337,bus,2.9,25.0,0.0,8.5,0,FALSE,FALSE
2026,3,13,0,C00090,bus,2.9,25.0,0.0,8.5,0,TRUE,TRUE
2026,3,13,0,C00607,bus,2.9,25.0,0.0,8.5,0,unknown,partial
2026,3,13,0,C00616,bus,2.9,25.0,0.0,8.5,0,unknown,partial
2026,3,13,0,C00110,bus,2.9,25.0,0.0,8.5,0,unknown,partial
2026,3,13,0,C02020,bus,2.9,25.0,0.0,8.5,0,unknown,partial
2026,3,13,0,C00990,bus,2.9,25.0,0.0,8.5,0,unknown,partial
2026,3,13,0,C01111,bus,2.9,25.0,0.0,8.5,0,TRUE,TRUE
2026,3,13,0,C01435,bus,2.9,25.0,0.0,8.5,0,unknown,unknown
2026,3,13,0,C01352,bus,2.9,25.0,0.0,8.5,0,TRUE,FALSE
2026,3,13,0,C00609,bus,2.9,25.0,0.0,8.5,0,unknown,partial
2026,3,13,0,C00580,bus,2.9,25.0,0.0,8.5,0,unknown,partial
2026,3,13,0,C02422,bus,2.9,25.0,0.0,8.5,0,unknown,FALSE
2026,3,13,0,C02698,bus,2.9,25.0,0.0,8.5,0,unknown,partial
2026,3,13,0,C02191,bus,2.9,25.0,0.0,8.5,0,FALSE,FALSE
2026,3,13,0,C00209,bus,2.9,25.0,0.0,8.5,0,TRUE,partial
2026,3,13,0,C01333,bus,2.9,25.0,0.0,8.5,0,TRUE,FALSE
2026,3,13,0,C01262,bus,2.9,25.0,0.0,8.5,0,FALSE,partial
2026,3,13,0,C00294,bus,2.9,25.0,0.0,8.5,0,TRUE,partial
2026,3,13,0,C01520,bus,2.9,25.0,0.0,8.5,0,unknown,unknown
2026,3,13,0,C02258,bus,2.9,25.0,0.0,8.5,0,unknown,partial
2026,3,13,0,C02427,bus,2.9,25.0,0.0,8.5,0,unknown,TRUE
2026,3,13,0,C00408,bus,2.9,25.0,0.0,8.5,0,TRUE,partial
2026,3,13,0,C00488,bus,2.9,25.0,0.0,8.5,0,unknown,FALSE
2026,3,13,0,C01013,bus,2.9,25.0,0.0,8.5,0,unknown,partial
2026,3,13,0,C02016,bus,2.9,25.0,0.0,8.5,0,FALSE,partial
2026,3,13,0,C02120,bus,2.9,25.0,0.0,8.5,0,FALSE,partial
2026,3,13,0,C00961,bus,2.9,25.0,0.0,8.5,0,unknown,partial
2026,3,13,0,C02697,bus,2.9,25.0,0.0,8.5,0,unknown,partial
2026,3,13,0,C00684,bus,2.9,25.0,0.0,8.5,0,TRUE,partial
2026,3,13,0,C01992,bus,2.9,25.0,0.0,8.5,0,FALSE,FALSE
2026,3,13,0,C01079,bus,2.9,25.0,0.0,8.5,0,TRUE,partial
2026,3,13,0,C01242,bus,2.9,25.0,0.0,8.5,0,TRUE,FALSE
2026,3,13,0,C00280,bus,2.9,25.0,0.0,8.5,0,unknown,partial
2026,3,13,0,C00966,bus,2.9,25.0,0.0,8.5,0,unknown,partial
2026,3,13,0,C02634,bus,2.9,25.0,0.0,8.5,0,unknown,FALSE
2026,3,13,0,C02659,bus,2.9,25.0,0.0,8.5,0,unknown,TRUE
2026,3,13,0,C02669,bus,2.9,25.0,0.0,8.5,0,unknown,partial
2026,3,13,0,C01318,bus,2.9,25.0,0.0,8.5,0,TRUE,TRUE
2026,3,13,0,C00219,bus,2.9,25.0,0.0,8.5,0,FALSE,partial
2026,3,13,0,C02150,bus,2.9,25.0,0.0,8.5,0,FALSE,partial
2026,3,13,0,C01338,bus,2.9,25.0,0.0,8.5,0,TRUE,FALSE
2026,3,13,0,C01969,bus,2.9,25.0,0.0,8.5,0,FALSE,partial
2026,3,13,0,C01409,bus,2.9,25.0,0.0,8.5,0,TRUE,FALSE
2026,3,13,0,C02815,bus,2.9,25.0,0.0,8.5,0,unknown,unknown
2026,3,13,0,C00536,bus,2.9,25.0,0.0,8.5,0,unknown,partial
2026,3,13,0,C02584,bus,2.9,25.0,0.0,8.5,0,unknown,unknown
2026,3,13,0,C01400,bus,2.9,25.0,0.0,8.5,0,unknown,FALSE
2026,3,13,0,C00974,bus,2.9,25.0,0.0,8.5,0,unknown,partial
2026,3,13,0,C00523,bus,2.9,25.0,0.0,8.5,0,FALSE,FALSE
2026,3,13,0,C01316,bus,2.9,25.0,0.0,8.5,0,TRUE,FALSE
2026,3,13,0,C00276,bus,2.9,25.0,0.0,8.5,0,unknown,FALSE
2026,3,13,0,C00540,bus,2.9,25.0,0.0,8.5,0,unknown,TRUE
2026,3,13,0,C02642,bus,2.9,25.0,0.0,8.5,0,unknown,FALSE
2026,3,13,0,C01657,bus,2.9,25.0,0.0,8.5,0,FALSE,unknown
2026,3,13,0,C02824,bus,2.9,25.0,0.0,8.5,0,unknown,unknown
2026,3,13,0,C01845,bus,2.9,25.0,0.0,8.5,0,FALSE,unknown
2026,3,13,0,C00018,bus,2.9,25.0,0.0,8.5,0,unknown,partial
2026,3,13,0,C00681,bus,2.9,25.0,0.0,8.5,0,unknown,partial
2026,3,13,0,C00518,bus,2.9,25.0,0.0,8.5,0,unknown,FALSE
2026,3,13,0,C01011,bus,2.9,25.0,0.0,8.5,0,unknown,partial
2026,3,13,0,C02159,bus,2.9,25.0,0.0,8.5,0,FALSE,partial
2026,3,13,0,C01531,bus,2.9,25.0,0.0,8.5,0,TRUE,partial
2026,3,13,0,C02166,bus,2.9,25.0,0.0,8.5,0,FALSE,partial
2026,3,13,0,C01773,bus,2.9,25.0,0.0,8.5,0,unknown,partial
2026,3,13,0,C00279,bus,2.9,25.0,0.0,8.5,0,unknown,FALSE
2026,3,13,0,C00075,bus,2.9,25.0,0.0,8.5,0,TRUE,unknown
2026,3,13,0,C02441,bus,2.9,25.0,0.0,8.5,0,unknown,partial
2026,3,13,0,C00017,bus,2.9,25.0,0.0,8.5,0,FALSE,partial
2026,3,13,0,C02124,bus,2.9,25.0,0.0,8.5,0,FALSE,partial
2026,3,13,0,C00773,bus,2.9,25.0,0.0,8.5,0,FALSE,TRUE
2026,3,13,0,C00819,bus,2.9,25.0,0.0,8.5,0,unknown,partial
2026,3,13,0,C02142,bus,2.9,25.0,0.0,8.5,0,TRUE,partial
2026,3,13,0,C00869,bus,2.9,25.0,0.0,8.5,0,unknown,FALSE
2026,3,13,0,C01059,bus,2.9,25.0,0.0,8.5,0,FALSE,TRUE
2026,3,13,0,C00965,bus,2.9,25.0,0.0,8.5,0,unknown,partial
2026,3,13,0,C02528,tram,2.9,25.0,0.0,8.5,0,TRUE,TRUE
2026,3,13,0,C01504,bus,2.9,25.0,0.0,8.5,0,unknown,unknown
2026,3,13,0,C00707,bus,2.9,25.0,0.0,8.5,0,unknown,partial
2026,3,13,0,C01707,bus,2.9,25.0,0.0,8.5,0,unknown,TRUE
2026,3,13,0,C00603,bus,2.9,25.0,0.0,8.5,0,unknown,partial
2026,3,13,0,C01404,bus,2.9,25.0,0.0,8.5,0,unknown,FALSE
2026,3,13,0,C01511,bus,2.9,25.0,0.0,8.5,0,unknown,unknown
2026,3,13,0,C01557,bus,2.9,25.0,0.0,8.5,0,unknown,TRUE
2026,3,13,0,C01669,bus,2.9,25.0,0.0,8.5,0,FALSE,FALSE
2026,3,13,0,C01796,bus,2.9,25.0,0.0,8.5,0,unknown,unknown
2026,3,13,0,C00642,bus,2.9,25.0,0.0,8.5,0,unknown,partial
2026,3,13,0,C00691,bus,2.9,25.0,0.0,8.5,0,unknown,partial
2026,3,13,0,C01244,bus,2.9,25.0,0.0,8.5,0,TRUE,FALSE
2026,3,13,0,C00094,bus,2.9,25.0,0.0,8.5,0,TRUE,partial
2026,3,13,0,C01237,bus,2.9,25.0,0.0,8.5,0,TRUE,FALSE
2026,3,13,0,C01571,bus,2.9,25.0,0.0,8.5,0,unknown,unknown
2026,3,13,0,C00542,bus,2.9,25.0,0.0,8.5,0,unknown,partial
2026,3,13,0,C02286,bus,2.9,25.0,0.0,8.5,0,TRUE,partial
2026,3,13,0,C01874,bus,2.9,25.0,0.0,8.5,0,TRUE,FALSE
2026,3,13,0,C00070,bus,2.9,25.0,0.0,8.5,0,unknown,unknown
2026,3,13,0,C01366,bus,2.9,25.0,0.0,8.5,0,TRUE,FALSE
2026,3,13,0,C02399,bus,2.9,25.0,0.0,8.5,0,unknown,partial
2026,3,13,0,C02455,bus,2.9,25.0,0.0,8.5,0,unknown,partial
2026,3,13,0,C02469,bus,2.9,25.0,0.0,8.5,0,unknown,unknown
2026,3,13,0,C02501,bus,2.9,25.0,0.0,8.5,0,unknown,unknown
2026,3,13,0,C02557,bus,2.9,25.0,0.0,8.5,0,unknown,partial
2026,3,13,0,C02550,bus,2.9,25.0,0.0,8.5,0,unknown,partial
2026,3,13,0,C02705,bus,2.9,25.0,0.0,8.5,0,unknown,partial
2026,3,13,0,C02770,bus,2.9,25.0,0.0,8.5,0,unknown,partial
2026,3,13,0,C01840,bus,2.9,25.0,0.0,8.5,0,FALSE,unknown
2026,3,13,0,C01578,bus,2.9,25.0,0.0,8.5,0,FALSE,partial
2026,3,13,0,C00533,bus,2.9,25.0,0.0,8.5,0,unknown,FALSE
2026,3,13,0,C00778,bus,2.9,25.0,0.0,8.5,0,TRUE,TRUE
2026,3,13,0,C01012,bus,2.9,25.0,0.0,8.5,0,unknown,partial
2026,3,13,0,C00986,bus,2.9,25.0,0.0,8.5,0,FALSE,partial
2026,3,13,0,C02059,bus,2.9,25.0,0.0,8.5,0,FALSE,partial
2026,3,13,0,C00919,bus,2.9,25.0,0.0,8.5,0,unknown,partial
2026,3,13,0,C00698,bus,2.9,25.0,0.0,8.5,0,unknown,FALSE
2026,3,13,0,C02536,bus,2.9,25.0,0.0,8.5,0,unknown,partial
2026,3,13,0,C02565,bus,2.9,25.0,0.0,8.5,0,unknown,partial
2026,3,13,0,C02626,bus,2.9,25.0,0.0,8.5,0,unknown,partial
2026,3,13,0,C01772,bus,2.9,25.0,0.0,8.5,0,FALSE,partial
2026,3,13,0,C02275,bus,2.9,25.0,0.0,8.5,0,unknown,partial
2026,3,13,0,C00040,bus,2.9,25.0,0.0,8.5,0,unknown,partial
2026,3,13,0,C00505,bus,2.9,25.0,0.0,8.5,0,FALSE,FALSE
2026,3,13,0,C01456,bus,2.9,25.0,0.0,8.5,0,unknown,unknown
2026,3,13,0,C00675,bus,2.9,25.0,0.0,8.5,0,unknown,unknown
2026,3,13,0,C01075,bus,2.9,25.0,0.0,8.5,0,TRUE,FALSE
2026,3,13,0,C00116,bus,2.9,25.0,0.0,8.5,0,unknown,partial
2026,3,13,0,C00119,bus,2.9,25.0,0.0,8.5,0,unknown,FALSE
2026,3,13,0,C00524,bus,2.9,25.0,0.0,8.5,0,FALSE,FALSE
2026,3,13,0,C00969,bus,2.9,25.0,0.0,8.5,0,unknown,partial
2026,3,13,0,C01815,bus,2.9,25.0,0.0,8.5,0,FALSE,partial
2026,3,13,0,C02251,bus,2.9,25.0,0.0,8.5,0,TRUE,FALSE
2026,3,13,0,C00111,bus,2.9,25.0,0.0,8.5,0,unknown,partial
2026,3,13,0,C00543,bus,2.9,25.0,0.0,8.5,0,unknown,TRUE
2026,3,13,0,C00861,bus,2.9,25.0,0.0,8.5,0,FALSE,FALSE
2026,3,13,0,C00385,bus,2.9,25.0,0.0,8.5,0,unknown,partial
2026,3,13,0,C02549,bus,2.9,25.0,0.0,8.5,0,unknown,partial
2026,3,13,0,C02673,bus,2.9,25.0,0.0,8.5,0,unknown,partial
2026,3,13,0,C02716,bus,2.9,25.0,0.0,8.5,0,unknown,partial
2026,3,13,0,C00199,bus,2.9,25.0,0.0,8.5,0,unknown,partial
2026,3,13,0,C00100,bus,2.9,25.0,0.0,8.5,0,unknown,partial
2026,3,13,0,C00610,bus,2.9,25.0,0.0,8.5,0,unknown,partial
2026,3,13,0,C00682,bus,2.9,25.0,0.0,8.5,0,unknown,partial
2026,3,13,0,C01963,bus,2.9,25.0,0.0,8.5,0,FALSE,TRUE
2026,3,13,0,C00260,bus,2.9,25.0,0.0,8.5,0,unknown,partial
2026,3,13,0,C00620,bus,2.9,25.0,0.0,8.5,0,unknown,partial
2026,3,13,0,C02068,bus,2.9,25.0,0.0,8.5,0,FALSE,partial
2026,3,13,0,C02125,bus,2.9,25.0,0.0,8.5,0,FALSE,partial
2026,3,13,0,C00391,bus,2.9,25.0,0.0,8.5,0,unknown,partial
2026,3,13,0,C01142,bus,2.9,25.0,0.0,8.5,0,TRUE,FALSE
2026,3,13,0,C00204,bus,2.9,25.0,0.0,8.5,0,unknown,partial
2026,3,13,0,C01334,bus,2.9,25.0,0.0,8.5,0,FALSE,FALSE
2026,3,13,0,C01082,bus,2.9,25.0,0.0,8.5,0,TRUE,FALSE
2026,3,13,0,C00843,bus,2.9,25.0,0.0,8.5,0,unknown,FALSE
2026,3,13,0,C00953,bus,2.9,25.0,0.0,8.5,0,unknown,partial
2026,3,13,0,C01555,bus,2.9,25.0,0.0,8.5,0,unknown,TRUE
2026,3,13,0,C02805,bus,2.9,25.0,0.0,8.5,0,unknown,unknown
2026,3,13,0,C02814,bus,2.9,25.0,0.0,8.5,0,unknown,unknown
2026,3,13,0,C00409,bus,2.9,25.0,0.0,8.5,0,unknown,FALSE
2026,3,13,0,C02395,bus,2.9,25.0,0.0,8.5,0,unknown,partial
2026,3,13,0,C02569,bus,2.9,25.0,0.0,8.5,0,unknown,partial
2026,3,13,0,C02589,bus,2.9,25.0,0.0,8.5,0,unknown,partial
2026,3,13,0,C01423,bus,2.9,25.0,0.0,8.5,0,FALSE,FALSE
2026,3,13,0,C00162,bus,2.9,25.0,0.0,8.5,0,TRUE,partial
2026,3,13,0,C02186,bus,2.9,25.0,0.0,8.5,0,FALSE,partial
2026,3,13,0,C02288,bus,2.9,25.0,0.0,8.5,0,unknown,TRUE
2026,3,13,0,C00513,bus,2.9,25.0,0.0,8.5,0,FALSE,FALSE
2026,3,13,0,C00149,bus,2.9,25.0,0.0,8.5,0,TRUE,partial
2026,3,13,0,C02690,bus,2.9,25.0,0.0,8.5,0,unknown,partial
2026,3,13,0,C01350,bus,2.9,25.0,0.0,8.5,0,TRUE,FALSE
2026,3,13,0,C00426,bus,2.9,25.0,0.0,8.5,0,unknown,unknown
2026,3,13,0,C01537,bus,2.9,25.0,0.0,8.5,0,TRUE,partial
2026,3,13,0,C00327,bus,2.9,25.0,0.0,8.5,0,unknown,TRUE
2026,3,13,0,C00163,bus,2.9,25.0,0.0,8.5,0,unknown,FALSE
2026,3,13,0,C01163,bus,2.9,25.0,0.0,8.5,0,TRUE,partial
2026,3,13,0,C01412,bus,2.9,25.0,0.0,8.5,0,unknown,FALSE
2026,3,13,0,C00261,bus,2.9,25.0,0.0,8.5,0,FALSE,partial
2026,3,13,0,C01453,bus,2.9,25.0,0.0,8.5,0,FALSE,unknown
2026,3,13,0,C00151,bus,2.9,25.0,0.0,8.5,0,unknown,unknown
2026,3,13,0,C00178,bus,2.9,25.0,0.0,8.5,0,unknown,FALSE
2026,3,13,0,C00651,bus,2.9,25.0,0.0,8.5,0,unknown,partial
2026,3,13,0,C00202,bus,2.9,25.0,0.0,8.5,0,unknown,partial
2026,3,13,0,C00769,bus,2.9,25.0,0.0,8.5,0,TRUE,TRUE
2026,3,13,0,C02521,bus,2.9,25.0,0.0,8.5,0,unknown,partial
2026,3,13,0,C02818,bus,2.9,25.0,0.0,8.5,0,unknown,unknown
2026,3,13,0,C01717,bus,2.9,25.0,0.0,8.5,0,FALSE,FALSE
2026,3,13,0,C02138,bus,2.9,25.0,0.0,8.5,0,FALSE,FALSE
2026,3,13,0,C00089,bus,2.9,25.0,0.0,8.5,0,TRUE,TRUE
2026,3,13,0,C00784,bus,2.9,25.0,0.0,8.5,0,TRUE,TRUE
2026,3,13,0,C01089,bus,2.9,25.0,0.0,8.5,0,TRUE,partial
2026,3,13,0,C00068,bus,2.9,25.0,0.0,8.5,0,TRUE,unknown
2026,3,13,0,C01697,bus,2.9,25.0,0.0,8.5,0,TRUE,unknown
2026,3,13,0,C00891,bus,2.9,25.0,0.0,8.5,0,unknown,TRUE
2026,3,13,0,C00878,bus,2.9,25.0,0.0,8.5,0,TRUE,TRUE
2026,3,13,0,C00339,bus,2.9,25.0,0.0,8.5,0,unknown,unknown
2026,3,13,0,C00671,bus,2.9,25.0,0.0,8.5,0,unknown,partial
2026,3,13,0,C00087,bus,2.9,25.0,0.0,8.5,0,FALSE,TRUE
2026,3,13,0,C01307,bus,2.9,25.0,0.0,8.5,0,TRUE,TRUE
2026,3,13,0,C02165,bus,2.9,25.0,0.0,8.5,0,FALSE,partial
2026,3,13,0,C02440,bus,2.9,25.0,0.0,8.5,0,unknown,unknown
2026,3,13,0,C01208,bus,2.9,25.0,0.0,8.5,0,TRUE,TRUE
2026,3,13,0,C01294,bus,2.9,25.0,0.0,8.5,0,TRUE,FALSE
2026,3,13,0,C01620,bus,2.9,25.0,0.0,8.5,0,TRUE,partial
2026,3,13,0,C01369,bus,2.9,25.0,0.0,8.5,0,TRUE,FALSE
2026,3,13,0,C01685,bus,2.9,25.0,0.0,8.5,0,TRUE,partial
2026,3,13,0,C00514,bus,2.9,25.0,0.0,8.5,0,FALSE,FALSE
2026,3,13,0,C02169,bus,2.9,25.0,0.0,8.5,0,FALSE,TRUE
2026,3,13,0,C00833,bus,2.9,25.0,0.0,8.5,0,unknown,partial
2026,3,13,0,C00967,bus,2.9,25.0,0.0,8.5,0,unknown,partial
2026,3,13,0,C02616,bus,2.9,25.0,0.0,8.5,0,unknown,partial
2026,3,13,0,C02816,bus,2.9,25.0,0.0,8.5,0,unknown,unknown
2026,3,13,0,C00635,bus,2.9,25.0,0.0,8.5,0,TRUE,partial
2026,3,13,0,C02193,bus,2.9,25.0,0.0,8.5,0,FALSE,FALSE
2026,3,13,0,C02628,bus,2.9,25.0,0.0,8.5,0,unknown,partial
2026,3,13,0,C00487,bus,2.9,25.0,0.0,8.5,0,TRUE,unknown
2026,3,13,0,C01413,bus,2.9,25.0,0.0,8.5,0,TRUE,FALSE
2026,3,13,0,C00817,bus,2.9,25.0,0.0,8.5,0,FALSE,partial
2026,3,13,0,C01236,bus,2.9,25.0,0.0,8.5,0,TRUE,partial
2026,3,13,0,C02450,bus,2.9,25.0,0.0,8.5,0,unknown,partial
2026,3,13,0,C01309,bus,2.9,25.0,0.0,8.5,0,TRUE,FALSE
2026,3,13,0,C00923,bus,2.9,25.0,0.0,8.5,0,unknown,TRUE
2026,3,13,0,C00358,bus,2.9,25.0,0.0,8.5,0,unknown,partial
2026,3,13,0,C01313,bus,2.9,25.0,0.0,8.5,0,FALSE,FALSE
2026,3,13,0,C00093,bus,2.9,25.0,0.0,8.5,0,FALSE,unknown
2026,3,13,0,C00097,bus,2.9,25.0,0.0,8.5,0,FALSE,partial
2026,3,13,0,C01653,bus,2.9,25.0,0.0,8.5,0,FALSE,unknown
2026,3,13,0,C02271,bus,2.9,25.0,0.0,8.5,0,unknown,partial
2026,3,13,0,C00835,bus,2.9,25.0,0.0,8.5,0,unknown,partial
2026,3,13,0,C02470,bus,2.9,25.0,0.0,8.5,0,unknown,partial
2026,3,13,0,C00706,bus,2.9,25.0,0.0,8.5,0,unknown,partial
2026,3,13,0,C00577,bus,2.9,25.0,0.0,8.5,0,unknown,partial
2026,3,13,0,C01607,bus,2.9,25.0,0.0,8.5,0,unknown,unknown
2026,3,13,0,C02443,bus,2.9,25.0,0.0,8.5,0,unknown,FALSE
2026,3,13,0,C01849,bus,2.9,25.0,0.0,8.5,0,FALSE,unknown
2026,3,13,0,C02006,bus,2.9,25.0,0.0,8.5,0,TRUE,unknown
2026,3,13,0,C00704,bus,2.9,25.0,0.0,8.5,0,TRUE,partial
2026,3,13,0,C00191,bus,2.9,25.0,0.0,8.5,0,TRUE,partial
2026,3,13,0,C01399,bus,2.9,25.0,0.0,8.5,0,unknown,FALSE
2026,3,13,0,C02172,bus,2.9,25.0,0.0,8.5,0,FALSE,TRUE
2026,3,13,0,C00011,bus,2.9,25.0,0.0,8.5,0,unknown,partial
2026,3,13,0,C02702,bus,2.9,25.0,0.0,8.5,0,unknown,partial
2026,3,13,0,C02092,bus,2.9,25.0,0.0,8.5,0,FALSE,FALSE
2026,3,13,0,C00225,bus,2.9,25.0,0.0,8.5,0,FALSE,partial
2026,3,13,0,C01159,bus,2.9,25.0,0.0,8.5,0,TRUE,FALSE
2026,3,13,0,C00613,bus,2.9,25.0,0.0,8.5,0,FALSE,partial
2026,3,13,0,C02736,bus,2.9,25.0,0.0,8.5,0,unknown,partial
2026,3,13,0,C00582,bus,2.9,25.0,0.0,8.5,0,FALSE,partial
2026,3,13,0,C02217,bus,2.9,25.0,0.0,8.5,0,unknown,partial
2026,3,13,0,C00471,bus,2.9,25.0,0.0,8.5,0,TRUE,unknown
2026,3,13,0,C01716,bus,2.9,25.0,0.0,8.5,0,unknown,TRUE
2026,3,13,0,C00770,bus,2.9,25.0,0.0,8.5,0,FALSE,TRUE
2026,3,13,0,C00043,bus,2.9,25.0,0.0,8.5,0,TRUE,partial
2026,3,13,0,C01699,bus,2.9,25.0,0.0,8.5,0,TRUE,unknown
2026,3,13,0,C01238,bus,2.9,25.0,0.0,8.5,0,TRUE,FALSE
2026,3,13,0,C00552,bus,2.9,25.0,0.0,8.5,0,unknown,TRUE
2026,3,13,0,C02599,bus,2.9,25.0,0.0,8.5,0,unknown,partial
2026,3,13,0,C02174,bus,2.9,25.0,0.0,8.5,0,FALSE,partial
2026,3,13,0,C01952,bus,2.9,25.0,0.0,8.5,0,FALSE,FALSE
2026,3,13,0,C02133,bus,2.9,25.0,0.0,8.5,0,FALSE,FALSE
2026,3,13,0,C00466,bus,2.9,25.0,0.0,8.5,0,TRUE,unknown
2026,3,13,0,C02267,bus,2.9,25.0,0.0,8.5,0,unknown,partial
2026,3,13,0,C01073,bus,2.9,25.0,0.0,8.5,0,TRUE,partial
2026,3,13,0,C00316,bus,2.9,25.0,0.0,8.5,0,TRUE,partial
2026,3,13,0,C01696,bus,2.9,25.0,0.0,8.5,0,TRUE,FALSE
2026,3,13,0,C01775,bus,2.9,25.0,0.0,8.5,0,FALSE,partial
2026,3,13,0,C00118,bus,2.9,25.0,0.0,8.5,0,unknown,unknown
2026,3,13,0,C01646,bus,2.9,25.0,0.0,8.5,0,TRUE,FALSE
2026,3,13,0,C02344,tram,2.9,25.0,0.0,8.5,0,TRUE,TRUE
2026,3,13,0,C00308,bus,2.9,25.0,0.0,8.5,0,TRUE,partial
2026,3,13,0,C02025,bus,2.9,25.0,0.0,8.5,0,unknown,partial
2026,3,13,0,C00374,bus,2.9,25.0,0.0,8.5,0,unknown,partial
2026,3,13,0,C01484,bus,2.9,25.0,0.0,8.5,0,FALSE,FALSE
2026,3,13,0,C01702,bus,2.9,25.0,0.0,8.5,0,unknown,partial
2026,3,13,0,C01527,bus,2.9,25.0,0.0,8.5,0,TRUE,partial
2026,3,13,0,C01784,bus,2.9,25.0,0.0,8.5,0,unknown,partial
2026,3,13,0,C00101,bus,2.9,25.0,0.0,8.5,0,unknown,partial
2026,3,13,0,C00241,bus,2.9,25.0,0.0,8.5,0,FALSE,partial
2026,3,13,0,C01793,bus,2.9,25.0,0.0,8.5,0,TRUE,TRUE
2026,3,13,0,C00413,bus,2.9,25.0,0.0,8.5,0,unknown,unknown
2026,3,13,0,C00737,bus,2.9,25.0,0.0,8.5,0,unknown,unknown
2026,3,13,0,C00760,bus,2.9,25.0,0.0,8.5,0,unknown,unknown
2026,3,13,0,C00818,bus,2.9,25.0,0.0,8.5,0,FALSE,partial
2026,3,13,0,C00455,bus,2.9,25.0,0.0,8.5,0,TRUE,unknown
2026,3,13,0,C02067,bus,2.9,25.0,0.0,8.5,0,FALSE,partial
2026,3,13,0,C00344,bus,2.9,25.0,0.0,8.5,0,unknown,FALSE
2026,3,13,0,C02041,bus,2.9,25.0,0.0,8.5,0,unknown,unknown
2026,3,13,0,C01342,bus,2.9,25.0,0.0,8.5,0,FALSE,FALSE
2026,3,13,0,C00851,bus,2.9,25.0,0.0,8.5,0,unknown,FALSE
2026,3,13,0,C01826,bus,2.9,25.0,0.0,8.5,0,FALSE,unknown
2026,3,13,0,C01522,bus,2.9,25.0,0.0,8.5,0,unknown,TRUE
2026,3,13,0,C02430,bus,2.9,25.0,0.0,8.5,0,unknown,TRUE
2026,3,13,0,C02603,bus,2.9,25.0,0.0,8.5,0,unknown,partial
2026,3,13,0,C02693,bus,2.9,25.0,0.0,8.5,0,unknown,partial
2026,3,13,0,C01167,bus,2.9,25.0,0.0,8.5,0,TRUE,FALSE
2026,3,13,0,C00223,bus,2.9,25.0,0.0,8.5,0,FALSE,partial
2026,3,13,0,C01166,bus,2.9,25.0,0.0,8.5,0,TRUE,FALSE
2026,3,13,0,C01071,bus,2.9,25.0,0.0,8.5,0,TRUE,TRUE
2026,3,13,0,C01438,bus,2.9,25.0,0.0,8.5,0,FALSE,unknown
2026,3,13,0,C02239,bus,2.9,25.0,0.0,8.5,0,unknown,partial
2026,3,13,0,C01947,bus,2.9,25.0,0.0,8.5,0,FALSE,partial
2026,3,13,0,C00700,bus,2.9,25.0,0.0,8.5,0,unknown,FALSE
2026,3,13,0,C01875,bus,2.9,25.0,0.0,8.5,0,TRUE,unknown
2026,3,13,0,C00107,bus,2.9,25.0,0.0,8.5,0,unknown,partial
2026,3,13,0,C00179,bus,2.9,25.0,0.0,8.5,0,unknown,FALSE
2026,3,13,0,C00206,bus,2.9,25.0,0.0,8.5,0,FALSE,partial
2026,3,13,0,C00939,bus,2.9,25.0,0.0,8.5,0,unknown,partial
2026,3,13,0,C00820,bus,2.9,25.0,0.0,8.5,0,FALSE,partial
2026,3,13,0,C00403,bus,2.9,25.0,0.0,8.5,0,unknown,partial
2026,3,13,0,C02230,bus,2.9,25.0,0.0,8.5,0,unknown,partial
2026,3,13,0,C02495,bus,2.9,25.0,0.0,8.5,0,unknown,partial
2026,3,13,0,C02677,bus,2.9,25.0,0.0,8.5,0,,
2026,3,13,0,C02825,bus,2.9,25.0,0.0,8.5,0,unknown,unknown
2026,3,13,0,C01983,bus,2.9,25.0,0.0,8.5,0,FALSE,FALSE
2026,3,13,0,C01841,bus,2.9,25.0,0.0,8.5,0,FALSE,unknown
2026,3,13,0,C00445,bus,2.9,25.0,0.0,8.5,0,TRUE,unknown
2026,3,13,0,C02144,bus,2.9,25.0,0.0,8.5,0,FALSE,partial
2026,3,13,0,C01046,bus,2.9,25.0,0.0,8.5,0,TRUE,TRUE
2026,3,13,0,C01221,bus,2.9,25.0,0.0,8.5,0,TRUE,TRUE
2026,3,13,0,C02008,bus,2.9,25.0,0.0,8.5,0,TRUE,FALSE
2026,3,13,0,C00799,bus,2.9,25.0,0.0,8.5,0,FALSE,partial
2026,3,13,0,C00947,bus,2.9,25.0,0.0,8.5,0,unknown,TRUE
2026,3,13,0,C00733,bus,2.9,25.0,0.0,8.5,0,unknown,unknown
2026,3,13,0,C01567,bus,2.9,25.0,0.0,8.5,0,TRUE,unknown
2026,3,13,0,C01561,bus,2.9,25.0,0.0,8.5,0,TRUE,unknown
2026,3,13,0,C02570,bus,2.9,25.0,0.0,8.5,0,unknown,partial
2026,3,13,0,C01960,bus,2.9,25.0,0.0,8.5,0,FALSE,partial
2026,3,13,0,C01591,bus,2.9,25.0,0.0,8.5,0,FALSE,partial
2026,3,13,0,C01081,bus,2.9,25.0,0.0,8.5,0,TRUE,TRUE
2026,3,13,0,C01673,bus,2.9,25.0,0.0,8.5,0,TRUE,partial
2026,3,13,0,C01181,bus,2.9,25.0,0.0,8.5,0,TRUE,TRUE
2026,3,13,0,C00877,bus,2.9,25.0,0.0,8.5,0,TRUE,TRUE
2026,3,13,0,C02725,bus,2.9,25.0,0.0,8.5,0,unknown,partial
2026,3,13,0,C01675,bus,2.9,25.0,0.0,8.5,0,FALSE,partial
2026,3,13,0,C01109,bus,2.9,25.0,0.0,8.5,0,TRUE,partial
2026,3,13,0,C01986,bus,2.9,25.0,0.0,8.5,0,FALSE,FALSE
2026,3,13,0,C01595,bus,2.9,25.0,0.0,8.5,0,FALSE,FALSE
2026,3,13,0,C01965,bus,2.9,25.0,0.0,8.5,0,FALSE,partial
2026,3,13,0,C01359,bus,2.9,25.0,0.0,8.5,0,TRUE,FALSE
2026,3,13,0,C00189,bus,2.9,25.0,0.0,8.5,0,unknown,partial
2026,3,13,0,C00198,bus,2.9,25.0,0.0,8.5,0,unknown,partial
2026,3,13,0,C01116,bus,2.9,25.0,0.0,8.5,0,TRUE,TRUE
2026,3,13,0,C00554,bus,2.9,25.0,0.0,8.5,0,unknown,TRUE
2026,3,13,0,C00319,bus,2.9,25.0,0.0,8.5,0,unknown,partial
2026,3,13,0,C00345,bus,2.9,25.0,0.0,8.5,0,FALSE,unknown
2026,3,13,0,C00890,bus,2.9,25.0,0.0,8.5,0,unknown,partial
2026,3,13,0,C01114,bus,2.9,25.0,0.0,8.5,0,TRUE,FALSE
2026,3,13,0,C01900,bus,2.9,25.0,0.0,8.5,0,TRUE,unknown
2026,3,13,0,C01228,bus,2.9,25.0,0.0,8.5,0,TRUE,FALSE
2026,3,13,0,C02170,bus,2.9,25.0,0.0,8.5,0,FALSE,TRUE
2026,3,13,0,C00978,bus,2.9,25.0,0.0,8.5,0,unknown,partial
2026,3,13,0,C01110,bus,2.9,25.0,0.0,8.5,0,TRUE,FALSE
2026,3,13,0,C00112,bus,2.9,25.0,0.0,8.5,0,unknown,FALSE
2026,3,13,0,C00416,bus,2.9,25.0,0.0,8.5,0,unknown,partial
2026,3,13,0,C00422,bus,2.9,25.0,0.0,8.5,0,unknown,FALSE
2026,3,13,0,C01322,bus,2.9,25.0,0.0,8.5,0,TRUE,TRUE
2026,3,13,0,C01157,bus,2.9,25.0,0.0,8.5,0,TRUE,partial
2026,3,13,0,C00673,bus,2.9,25.0,0.0,8.5,0,unknown,unknown
2026,3,13,0,C00208,bus,2.9,25.0,0.0,8.5,0,unknown,partial
2026,3,13,0,C01799,bus,2.9,25.0,0.0,8.5,0,unknown,partial
2026,3,13,0,C02237,bus,2.9,25.0,0.0,8.5,0,unknown,partial
2026,3,13,0,C00085,bus,2.9,25.0,0.0,8.5,0,TRUE,TRUE
2026,3,13,0,C00815,bus,2.9,25.0,0.0,8.5,0,FALSE,TRUE
2026,3,13,0,C01801,bus,2.9,25.0,0.0,8.5,0,TRUE,partial
2026,3,13,0,C00926,bus,2.9,25.0,0.0,8.5,0,unknown,TRUE
2026,3,13,0,C01752,bus,2.9,25.0,0.0,8.5,0,unknown,unknown
2026,3,13,0,C02423,bus,2.9,25.0,0.0,8.5,0,unknown,unknown
2026,3,13,0,C02451,bus,2.9,25.0,0.0,8.5,0,unknown,partial
2026,3,13,0,C02579,bus,2.9,25.0,0.0,8.5,0,unknown,unknown
2026,3,13,0,C02631,bus,2.9,25.0,0.0,8.5,0,unknown,partial
2026,3,13,0,C02663,bus,2.9,25.0,0.0,8.5,0,unknown,partial
2026,3,13,0,C01624,bus,2.9,25.0,0.0,8.5,0,TRUE,partial
2026,3,13,0,C01989,bus,2.9,25.0,0.0,8.5,0,FALSE,FALSE
2026,3,13,0,C01463,bus,2.9,25.0,0.0,8.5,0,FALSE,unknown
2026,3,13,0,C02096,bus,2.9,25.0,0.0,8.5,0,FALSE,TRUE
2026,3,13,0,C00060,bus,2.9,25.0,0.0,8.5,0,unknown,FALSE
2026,3,13,0,C01545,bus,2.9,25.0,0.0,8.5,0,FALSE,partial
2026,3,13,0,C00892,bus,2.9,25.0,0.0,8.5,0,unknown,partial
2026,3,13,0,C01617,bus,2.9,25.0,0.0,8.5,0,TRUE,partial
2026,3,13,0,C00173,bus,2.9,25.0,0.0,8.5,0,unknown,FALSE
2026,3,13,0,C01407,bus,2.9,25.0,0.0,8.5,0,unknown,FALSE
2026,3,13,0,C00915,bus,2.9,25.0,0.0,8.5,0,unknown,partial
2026,3,13,0,C01047,bus,2.9,25.0,0.0,8.5,0,FALSE,TRUE
2026,3,13,0,C00677,bus,2.9,25.0,0.0,8.5,0,unknown,partial
2026,3,13,0,C00356,bus,2.9,25.0,0.0,8.5,0,TRUE,partial
2026,3,13,0,C00592,bus,2.9,25.0,0.0,8.5,0,unknown,partial
2026,3,13,0,C01186,bus,2.9,25.0,0.0,8.5,0,TRUE,FALSE
2026,3,13,0,C01255,bus,2.9,25.0,0.0,8.5,0,TRUE,partial
2026,3,13,0,C01954,bus,2.9,25.0,0.0,8.5,0,FALSE,FALSE
2026,3,13,0,C02282,bus,2.9,25.0,0.0,8.5,0,unknown,TRUE
2026,3,13,0,C00238,bus,2.9,25.0,0.0,8.5,0,FALSE,partial
2026,3,13,0,C00052,bus,2.9,25.0,0.0,8.5,0,TRUE,partial
2026,3,13,0,C02366,bus,2.9,25.0,0.0,8.5,0,unknown,unknown
2026,3,13,0,C01048,bus,2.9,25.0,0.0,8.5,0,FALSE,TRUE
2026,3,13,0,C02426,bus,2.9,25.0,0.0,8.5,0,unknown,TRUE
2026,3,13,0,C02675,bus,2.9,25.0,0.0,8.5,0,unknown,partial
2026,3,13,0,C00510,bus,2.9,25.0,0.0,8.5,0,FALSE,FALSE
2026,3,13,0,C02482,bus,2.9,25.0,0.0,8.5,0,unknown,TRUE
2026,3,13,0,C01934,bus,2.9,25.0,0.0,8.5,0,FALSE,TRUE
2026,3,13,0,C00228,bus,2.9,25.0,0.0,8.5,0,unknown,partial
2026,3,13,0,C01252,bus,2.9,25.0,0.0,8.5,0,unknown,FALSE
2026,3,13,0,C00102,bus,2.9,25.0,0.0,8.5,0,unknown,partial
2026,3,13,0,C00710,bus,2.9,25.0,0.0,8.5,0,unknown,TRUE
2026,3,13,0,C02486,bus,2.9,25.0,0.0,8.5,0,unknown,partial
2026,3,13,0,C01642,bus,2.9,25.0,0.0,8.5,0,unknown,partial
2026,3,13,0,C00464,bus,2.9,25.0,0.0,8.5,0,TRUE,unknown
2026,3,13,0,C00502,bus,2.9,25.0,0.0,8.5,0,unknown,FALSE
2026,3,13,0,C01674,bus,2.9,25.0,0.0,8.5,0,unknown,partial
2026,3,13,0,C00895,bus,2.9,25.0,0.0,8.5,0,unknown,partial
2026,3,13,0,C01866,bus,2.9,25.0,0.0,8.5,0,FALSE,partial
2026,3,13,0,C00083,bus,2.9,25.0,0.0,8.5,0,FALSE,partial
2026,3,13,0,C00949,bus,2.9,25.0,0.0,8.5,0,unknown,partial
2026,3,13,0,C01517,bus,2.9,25.0,0.0,8.5,0,unknown,unknown
2026,3,13,0,C00484,bus,2.9,25.0,0.0,8.5,0,TRUE,unknown
2026,3,13,0,C01984,bus,2.9,25.0,0.0,8.5,0,FALSE,FALSE
2026,3,13,0,C01200,bus,2.9,25.0,0.0,8.5,0,TRUE,FALSE
2026,3,13,0,C01004,bus,2.9,25.0,0.0,8.5,0,unknown,partial
2026,3,13,0,C01844,bus,2.9,25.0,0.0,8.5,0,FALSE,unknown
2026,3,13,0,C01215,bus,2.9,25.0,0.0,8.5,0,TRUE,FALSE
2026,3,13,0,C01569,bus,2.9,25.0,0.0,8.5,0,unknown,unknown
2026,3,13,0,C00049,bus,2.9,25.0,0.0,8.5,0,TRUE,partial
2026,3,13,0,C01260,bus,2.9,25.0,0.0,8.5,0,TRUE,TRUE
2026,3,13,0,C00636,bus,2.9,25.0,0.0,8.5,0,TRUE,partial
2026,3,13,0,C00823,bus,2.9,25.0,0.0,8.5,0,unknown,partial
2026,3,13,0,C02032,bus,2.9,25.0,0.0,8.5,0,FALSE,partial
2026,3,13,0,C01122,bus,2.9,25.0,0.0,8.5,0,TRUE,partial
2026,3,13,0,C02072,bus,2.9,25.0,0.0,8.5,0,FALSE,TRUE
2026,3,13,0,C01417,bus,2.9,25.0,0.0,8.5,0,unknown,FALSE
2026,3,13,0,C00579,bus,2.9,25.0,0.0,8.5,0,unknown,partial
2026,3,13,0,C01792,bus,2.9,25.0,0.0,8.5,0,,
2026,3,13,0,C01249,bus,2.9,25.0,0.0,8.5,0,TRUE,FALSE
2026,3,13,0,C02526,bus,2.9,25.0,0.0,8.5,0,unknown,partial
2026,3,13,0,C00121,bus,2.9,25.0,0.0,8.5,0,unknown,unknown
2026,3,13,0,C01613,bus,2.9,25.0,0.0,8.5,0,unknown,unknown
2026,3,13,0,C01559,bus,2.9,25.0,0.0,8.5,0,unknown,TRUE
2026,3,13,0,C01036,bus,2.9,25.0,0.0,8.5,0,unknown,unknown
2026,3,13,0,C02737,bus,2.9,25.0,0.0,8.5,0,unknown,partial
2026,3,13,0,C02095,bus,2.9,25.0,0.0,8.5,0,FALSE,TRUE
2026,3,13,0,C01057,bus,2.9,25.0,0.0,8.5,0,FALSE,TRUE
2026,3,13,0,C00546,bus,2.9,25.0,0.0,8.5,0,unknown,partial
2026,3,13,0,C01833,bus,2.9,25.0,0.0,8.5,0,FALSE,unknown
2026,3,13,0,C01017,bus,2.9,25.0,0.0,8.5,0,unknown,partial
2026,3,13,0,C02021,bus,2.9,25.0,0.0,8.5,0,TRUE,partial
2026,3,13,0,C02126,bus,2.9,25.0,0.0,8.5,0,FALSE,partial
2026,3,13,0,C02153,bus,2.9,25.0,0.0,8.5,0,FALSE,partial
2026,3,13,0,C01472,bus,2.9,25.0,0.0,8.5,0,TRUE,partial
2026,3,13,0,C02137,bus,2.9,25.0,0.0,8.5,0,FALSE,FALSE
2026,3,13,0,C01277,bus,2.9,25.0,0.0,8.5,0,TRUE,TRUE
2026,3,13,0,C00508,bus,2.9,25.0,0.0,8.5,0,FALSE,FALSE
2026,3,13,0,C00793,bus,2.9,25.0,0.0,8.5,0,unknown,partial
2026,3,13,0,C02036,bus,2.9,25.0,0.0,8.5,0,FALSE,partial
2026,3,13,0,C01226,bus,2.9,25.0,0.0,8.5,0,TRUE,TRUE
2026,3,13,0,C02049,bus,2.9,25.0,0.0,8.5,0,TRUE,unknown
2026,3,13,0,C02039,bus,2.9,25.0,0.0,8.5,0,unknown,partial
2026,3,13,0,C00962,bus,2.9,25.0,0.0,8.5,0,unknown,partial
2026,3,13,0,C01539,bus,2.9,25.0,0.0,8.5,0,TRUE,partial
2026,3,13,0,C01283,bus,2.9,25.0,0.0,8.5,0,TRUE,FALSE
2026,3,13,0,C00853,bus,2.9,25.0,0.0,8.5,0,unknown,FALSE
2026,3,13,0,C01106,bus,2.9,25.0,0.0,8.5,0,TRUE,FALSE
2026,3,13,0,C00862,bus,2.9,25.0,0.0,8.5,0,FALSE,FALSE
2026,3,13,0,C00028,bus,2.9,25.0,0.0,8.5,0,unknown,FALSE
2026,3,13,0,C00315,bus,2.9,25.0,0.0,8.5,0,TRUE,FALSE
2026,3,13,0,C02462,bus,2.9,25.0,0.0,8.5,0,unknown,FALSE
2026,3,13,0,C02630,bus,2.9,25.0,0.0,8.5,0,unknown,partial
2026,3,13,0,C02635,bus,2.9,25.0,0.0,8.5,0,unknown,FALSE
2026,3,13,0,C02826,bus,2.9,25.0,0.0,8.5,0,unknown,unknown
2026,3,13,0,C02276,bus,2.9,25.0,0.0,8.5,0,unknown,partial
2026,3,13,0,C01971,bus,2.9,25.0,0.0,8.5,0,FALSE,partial
2026,3,13,0,C01420,bus,2.9,25.0,0.0,8.5,0,unknown,FALSE
2026,3,13,0,C01444,bus,2.9,25.0,0.0,8.5,0,FALSE,partial
2026,3,13,0,C00478,bus,2.9,25.0,0.0,8.5,0,unknown,unknown
2026,3,13,0,C01583,bus,2.9,25.0,0.0,8.5,0,FALSE,partial
2026,3,13,0,C00787,bus,2.9,25.0,0.0,8.5,0,unknown,partial
2026,3,13,0,C00274,bus,2.9,25.0,0.0,8.5,0,unknown,partial
2026,3,13,0,C01184,bus,2.9,25.0,0.0,8.5,0,TRUE,FALSE
2026,3,13,0,C00678,bus,2.9,25.0,0.0,8.5,0,TRUE,partial
2026,3,13,0,C01977,bus,2.9,25.0,0.0,8.5,0,FALSE,partial
2026,3,13,0,C01190,bus,2.9,25.0,0.0,8.5,0,TRUE,FALSE
2026,3,13,0,C00649,bus,2.9,25.0,0.0,8.5,0,unknown,partial
2026,3,13,0,C00854,bus,2.9,25.0,0.0,8.5,0,unknown,FALSE
2026,3,13,0,C01542,bus,2.9,25.0,0.0,8.5,0,TRUE,partial
2026,3,13,0,C00287,bus,2.9,25.0,0.0,8.5,0,FALSE,unknown
2026,3,13,0,C02481,bus,2.9,25.0,0.0,8.5,0,unknown,FALSE
2026,3,13,0,C02497,bus,2.9,25.0,0.0,8.5,0,unknown,unknown
2026,3,13,0,C02560,bus,2.9,25.0,0.0,8.5,0,unknown,partial
2026,3,13,0,C02644,bus,2.9,25.0,0.0,8.5,0,unknown,unknown
2026,3,13,0,C01618,bus,2.9,25.0,0.0,8.5,0,TRUE,partial
2026,3,13,0,C01964,bus,2.9,25.0,0.0,8.5,0,FALSE,partial
2026,3,13,0,C01103,bus,2.9,25.0,0.0,8.5,0,TRUE,FALSE
2026,3,13,0,C01797,bus,2.9,25.0,0.0,8.5,0,unknown,unknown
2026,3,13,0,C01127,bus,2.9,25.0,0.0,8.5,0,TRUE,TRUE
2026,3,13,0,C01528,bus,2.9,25.0,0.0,8.5,0,TRUE,partial
2026,3,13,0,C01253,bus,2.9,25.0,0.0,8.5,0,TRUE,FALSE
2026,3,13,0,C00821,bus,2.9,25.0,0.0,8.5,0,FALSE,partial
2026,3,13,0,C00757,bus,2.9,25.0,0.0,8.5,0,unknown,unknown
2026,3,13,0,C01405,bus,2.9,25.0,0.0,8.5,0,unknown,FALSE
2026,3,13,0,C00304,bus,2.9,25.0,0.0,8.5,0,TRUE,FALSE
2026,3,13,0,C02304,bus,2.9,25.0,0.0,8.5,0,unknown,unknown
2026,3,13,0,C01203,bus,2.9,25.0,0.0,8.5,0,TRUE,FALSE
2026,3,13,0,C02111,bus,2.9,25.0,0.0,8.5,0,FALSE,TRUE
2026,3,13,0,C01476,bus,2.9,25.0,0.0,8.5,0,TRUE,partial
2026,3,13,0,C02605,bus,2.9,25.0,0.0,8.5,0,unknown,partial
2026,3,13,0,C02817,bus,2.9,25.0,0.0,8.5,0,unknown,unknown
2026,3,13,0,C01848,bus,2.9,25.0,0.0,8.5,0,FALSE,unknown
2026,3,13,0,C01847,bus,2.9,25.0,0.0,8.5,0,FALSE,unknown
2026,3,13,0,C01664,bus,2.9,25.0,0.0,8.5,0,unknown,unknown
2026,3,13,0,C01643,bus,2.9,25.0,0.0,8.5,0,TRUE,partial
2026,3,13,0,C00418,bus,2.9,25.0,0.0,8.5,0,unknown,partial
2026,3,13,0,C01704,bus,2.9,25.0,0.0,8.5,0,unknown,TRUE
2026,3,13,0,C01392,bus,2.9,25.0,0.0,8.5,0,TRUE,FALSE
2026,3,13,0,C02135,bus,2.9,25.0,0.0,8.5,0,FALSE,FALSE
2026,3,13,0,C01125,bus,2.9,25.0,0.0,8.5,0,TRUE,partial
2026,3,13,0,C01550,bus,2.9,25.0,0.0,8.5,0,FALSE,partial
2026,3,13,0,C00497,bus,2.9,25.0,0.0,8.5,0,unknown,unknown
2026,3,13,0,C00229,bus,2.9,25.0,0.0,8.5,0,unknown,partial
2026,3,13,0,C00092,bus,2.9,25.0,0.0,8.5,0,unknown,partial
2026,3,13,0,C01256,bus,2.9,25.0,0.0,8.5,0,TRUE,FALSE
2026,3,13,0,C00234,bus,2.9,25.0,0.0,8.5,0,unknown,partial
2026,3,13,0,C00244,bus,2.9,25.0,0.0,8.5,0,FALSE,partial
2026,3,13,0,C00061,bus,2.9,25.0,0.0,8.5,0,unknown,unknown
2026,3,13,0,C00150,bus,2.9,25.0,0.0,8.5,0,unknown,partial
2026,3,13,0,C00301,bus,2.9,25.0,0.0,8.5,0,FALSE,FALSE
2026,3,13,0,C00602,bus,2.9,25.0,0.0,8.5,0,FALSE,partial
2026,3,13,0,C02116,bus,2.9,25.0,0.0,8.5,0,FALSE,TRUE
2026,3,13,0,C00879,bus,2.9,25.0,0.0,8.5,0,TRUE,TRUE
2026,3,13,0,C00701,bus,2.9,25.0,0.0,8.5,0,TRUE,partial
2026,3,13,0,C02360,bus,2.9,25.0,0.0,8.5,0,unknown,partial
2026,3,13,0,C00054,bus,2.9,25.0,0.0,8.5,0,unknown,FALSE
2026,3,13,0,C01706,bus,2.9,25.0,0.0,8.5,0,unknown,TRUE
2026,3,13,0,C00957,bus,2.9,25.0,0.0,8.5,0,unknown,partial
2026,3,13,0,C00086,bus,2.9,25.0,0.0,8.5,0,TRUE,TRUE
2026,3,13,0,C00628,bus,2.9,25.0,0.0,8.5,0,unknown,partial
2026,3,13,0,C01808,bus,2.9,25.0,0.0,8.5,0,TRUE,FALSE
2026,3,13,0,C02243,bus,2.9,25.0,0.0,8.5,0,TRUE,partial
2026,3,13,0,C02269,bus,2.9,25.0,0.0,8.5,0,unknown,partial
2026,3,13,0,C02429,bus,2.9,25.0,0.0,8.5,0,unknown,TRUE
2026,3,13,0,C02023,bus,2.9,25.0,0.0,8.5,0,unknown,partial
2026,3,13,0,C01421,bus,2.9,25.0,0.0,8.5,0,unknown,FALSE
2026,3,13,0,C00631,bus,2.9,25.0,0.0,8.5,0,unknown,partial
2026,3,13,0,C02104,bus,2.9,25.0,0.0,8.5,0,FALSE,partial
2026,3,13,0,C01274,bus,2.9,25.0,0.0,8.5,0,TRUE,FALSE
2026,3,13,0,C01121,bus,2.9,25.0,0.0,8.5,0,TRUE,partial
2026,3,13,0,C01975,bus,2.9,25.0,0.0,8.5,0,FALSE,partial
2026,3,13,0,C00098,bus,2.9,25.0,0.0,8.5,0,FALSE,partial
2026,3,13,0,C01177,bus,2.9,25.0,0.0,8.5,0,TRUE,FALSE
2026,3,13,0,C00781,bus,2.9,25.0,0.0,8.5,0,TRUE,TRUE
2026,3,13,0,C00365,bus,2.9,25.0,0.0,8.5,0,unknown,partial
2026,3,13,0,C00205,bus,2.9,25.0,0.0,8.5,0,unknown,partial
2026,3,13,0,C00271,bus,2.9,25.0,0.0,8.5,0,unknown,partial
2026,3,13,0,C01837,bus,2.9,25.0,0.0,8.5,0,FALSE,unknown
2026,3,13,0,C01879,bus,2.9,25.0,0.0,8.5,0,FALSE,partial
2026,3,13,0,C00342,bus,2.9,25.0,0.0,8.5,0,TRUE,unknown
2026,3,13,0,C01585,bus,2.9,25.0,0.0,8.5,0,TRUE,partial
2026,3,13,0,C00393,bus,2.9,25.0,0.0,8.5,0,unknown,TRUE
2026,3,13,0,C02539,bus,2.9,25.0,0.0,8.5,0,unknown,partial
2026,3,13,0,C02740,bus,2.9,25.0,0.0,8.5,0,unknown,partial
2026,3,13,0,C01285,bus,2.9,25.0,0.0,8.5,0,TRUE,FALSE
2026,3,13,0,C01787,bus,2.9,25.0,0.0,8.5,0,unknown,TRUE
2026,3,13,0,C02195,bus,2.9,25.0,0.0,8.5,0,FALSE,TRUE
2026,3,13,0,C02272,bus,2.9,25.0,0.0,8.5,0,unknown,partial
2026,3,13,0,C00860,bus,2.9,25.0,0.0,8.5,0,FALSE,FALSE
2026,3,13,0,C02146,bus,2.9,25.0,0.0,8.5,0,TRUE,partial
2026,3,13,0,C00727,bus,2.9,25.0,0.0,8.5,0,unknown,unknown
2026,3,13,0,C00959,bus,2.9,25.0,0.0,8.5,0,unknown,partial
2026,3,13,0,C00082,bus,2.9,25.0,0.0,8.5,0,FALSE,partial
2026,3,13,0,C00389,bus,2.9,25.0,0.0,8.5,0,unknown,partial
2026,3,13,0,C02444,bus,2.9,25.0,0.0,8.5,0,unknown,FALSE
2026,3,13,0,C02537,bus,2.9,25.0,0.0,8.5,0,unknown,partial
2026,3,13,0,C00142,bus,2.9,25.0,0.0,8.5,0,unknown,TRUE
2026,3,13,0,C02121,bus,2.9,25.0,0.0,8.5,0,FALSE,partial
2026,3,13,0,C01500,bus,2.9,25.0,0.0,8.5,0,unknown,unknown
2026,3,13,0,C00479,bus,2.9,25.0,0.0,8.5,0,FALSE,unknown
2026,3,13,0,C01135,bus,2.9,25.0,0.0,8.5,0,TRUE,FALSE
2026,3,13,0,C01171,bus,2.9,25.0,0.0,8.5,0,TRUE,TRUE
2026,3,13,0,C01506,bus,2.9,25.0,0.0,8.5,0,unknown,unknown
2026,3,13,0,C00159,bus,2.9,25.0,0.0,8.5,0,TRUE,partial
2026,3,13,0,C00652,bus,2.9,25.0,0.0,8.5,0,unknown,unknown
2026,3,13,0,C00970,bus,2.9,25.0,0.0,8.5,0,unknown,partial
2026,3,13,0,C01777,bus,2.9,25.0,0.0,8.5,0,FALSE,partial
2026,3,13,0,C01248,bus,2.9,25.0,0.0,8.5,0,TRUE,FALSE
2026,3,13,0,C01663,bus,2.9,25.0,0.0,8.5,0,TRUE,TRUE
2026,3,13,0,C02065,bus,2.9,25.0,0.0,8.5,0,unknown,partial
2026,3,13,0,C01710,bus,2.9,25.0,0.0,8.5,0,TRUE,FALSE
2026,3,13,0,C00076,bus,2.9,25.0,0.0,8.5,0,FALSE,unknown
2026,3,13,0,C02414,bus,2.9,25.0,0.0,8.5,0,unknown,TRUE
2026,3,13,0,C02744,bus,2.9,25.0,0.0,8.5,0,unknown,unknown
2026,3,13,0,C02289,bus,2.9,25.0,0.0,8.5,0,unknown,partial
2026,3,13,0,C01779,bus,2.9,25.0,0.0,8.5,0,FALSE,partial
2026,3,13,0,C02164,bus,2.9,25.0,0.0,8.5,0,FALSE,partial
2026,3,13,0,C01202,bus,2.9,25.0,0.0,8.5,0,TRUE,TRUE
2026,3,13,0,C00027,bus,2.9,25.0,0.0,8.5,0,FALSE,partial
2026,3,13,0,C01794,tram,2.9,25.0,0.0,8.5,0,TRUE,TRUE
2026,3,13,0,C01659,bus,2.9,25.0,0.0,8.5,0,unknown,partial
2026,3,13,0,C00033,bus,2.9,25.0,0.0,8.5,0,FALSE,FALSE
2026,3,13,0,C00859,bus,2.9,25.0,0.0,8.5,0,TRUE,FALSE
2026,3,13,0,C01958,bus,2.9,25.0,0.0,8.5,0,FALSE,partial
2026,3,13,0,C02538,bus,2.9,25.0,0.0,8.5,0,unknown,FALSE
2026,3,13,0,C01623,bus,2.9,25.0,0.0,8.5,0,TRUE,partial
2026,3,13,0,C01289,bus,2.9,25.0,0.0,8.5,0,TRUE,FALSE
2026,3,13,0,C00522,bus,2.9,25.0,0.0,8.5,0,FALSE,FALSE
2026,3,13,0,C00747,bus,2.9,25.0,0.0,8.5,0,unknown,unknown
2026,3,13,0,C00108,bus,2.9,25.0,0.0,8.5,0,unknown,unknown
2026,3,13,0,C02801,bus,2.9,25.0,0.0,8.5,0,unknown,unknown
2026,3,13,0,C00285,bus,2.9,25.0,0.0,8.5,0,unknown,partial
2026,3,13,0,C00334,bus,2.9,25.0,0.0,8.5,0,FALSE,partial
2026,3,13,0,C01250,bus,2.9,25.0,0.0,8.5,0,TRUE,partial
2026,3,13,0,C00574,bus,2.9,25.0,0.0,8.5,0,TRUE,TRUE
2026,3,13,0,C02472,bus,2.9,25.0,0.0,8.5,0,unknown,partial
2026,3,13,0,C01365,bus,2.9,25.0,0.0,8.5,0,TRUE,FALSE
2026,3,13,0,C02219,bus,2.9,25.0,0.0,8.5,0,unknown,FALSE
2026,3,13,0,C00490,bus,2.9,25.0,0.0,8.5,0,unknown,unknown
2026,3,13,0,C01408,bus,2.9,25.0,0.0,8.5,0,FALSE,FALSE
2026,3,13,0,C01721,bus,2.9,25.0,0.0,8.5,0,unknown,FALSE
2026,3,13,0,C02678,bus,2.9,25.0,0.0,8.5,0,,
2026,3,13,0,C02246,bus,2.9,25.0,0.0,8.5,0,TRUE,FALSE
2026,3,13,0,C00708,bus,2.9,25.0,0.0,8.5,0,unknown,partial
2026,3,13,0,C00335,bus,2.9,25.0,0.0,8.5,0,FALSE,partial
2026,3,13,0,C02585,bus,2.9,25.0,0.0,8.5,0,unknown,unknown
2026,3,13,0,C00948,bus,2.9,25.0,0.0,8.5,0,unknown,partial
2026,3,13,0,C00941,bus,2.9,25.0,0.0,8.5,0,unknown,TRUE
2026,3,13,0,C01839,bus,2.9,25.0,0.0,8.5,0,FALSE,partial
2026,3,13,0,C00611,bus,2.9,25.0,0.0,8.5,0,FALSE,partial
2026,3,13,0,C00062,bus,2.9,25.0,0.0,8.5,0,unknown,FALSE
2026,3,13,0,C00752,bus,2.9,25.0,0.0,8.5,0,unknown,unknown
2026,3,13,0,C00250,bus,2.9,25.0,0.0,8.5,0,unknown,partial
2026,3,13,0,C01298,bus,2.9,25.0,0.0,8.5,0,TRUE,FALSE
2026,3,13,0,C00187,bus,2.9,25.0,0.0,8.5,0,unknown,FALSE
2026,3,13,0,C00125,bus,2.9,25.0,0.0,8.5,0,unknown,FALSE
2026,3,13,0,C01108,bus,2.9,25.0,0.0,8.5,0,TRUE,FALSE
2026,3,13,0,C01433,bus,2.9,25.0,0.0,8.5,0,unknown,partial
2026,3,13,0,C01204,bus,2.9,25.0,0.0,8.5,0,TRUE,TRUE
2026,3,13,0,C02478,bus,2.9,25.0,0.0,8.5,0,unknown,partial
2026,3,13,0,C00530,bus,2.9,25.0,0.0,8.5,0,unknown,partial
2026,3,13,0,C01134,bus,2.9,25.0,0.0,8.5,0,TRUE,partial
2026,3,13,0,C01395,bus,2.9,25.0,0.0,8.5,0,TRUE,FALSE
2026,3,13,0,C01196,bus,2.9,25.0,0.0,8.5,0,TRUE,FALSE
2026,3,13,0,C00221,bus,2.9,25.0,0.0,8.5,0,unknown,partial
2026,3,13,0,C02130,bus,2.9,25.0,0.0,8.5,0,FALSE,FALSE
2026,3,13,0,C00683,bus,2.9,25.0,0.0,8.5,0,FALSE,partial
2026,3,13,0,C01084,bus,2.9,25.0,0.0,8.5,0,TRUE,FALSE
2026,3,13,0,C00336,bus,2.9,25.0,0.0,8.5,0,TRUE,partial
2026,3,13,0,C01726,bus,2.9,25.0,0.0,8.5,0,unknown,unknown
2026,3,13,0,C00226,bus,2.9,25.0,0.0,8.5,0,FALSE,partial
2026,3,13,0,C02035,bus,2.9,25.0,0.0,8.5,0,FALSE,partial
2026,3,13,0,C00512,bus,2.9,25.0,0.0,8.5,0,FALSE,FALSE
2026,3,13,0,C00813,bus,2.9,25.0,0.0,8.5,0,FALSE,partial
2026,3,13,0,C01347,bus,2.9,25.0,0.0,8.5,0,TRUE,FALSE
2026,3,13,0,C01711,bus,2.9,25.0,0.0,8.5,0,unknown,unknown
2026,3,13,0,C00826,bus,2.9,25.0,0.0,8.5,0,FALSE,partial
2026,3,13,0,C01320,bus,2.9,25.0,0.0,8.5,0,TRUE,TRUE
2026,3,13,0,C00399,bus,2.9,25.0,0.0,8.5,0,unknown,TRUE
2026,3,13,0,C00731,bus,2.9,25.0,0.0,8.5,0,unknown,unknown
2026,3,13,0,C01873,bus,2.9,25.0,0.0,8.5,0,unknown,partial
2026,3,13,0,C02433,bus,2.9,25.0,0.0,8.5,0,unknown,unknown
2026,3,13,0,C02453,bus,2.9,25.0,0.0,8.5,0,unknown,partial
2026,3,13,0,C02726,bus,2.9,25.0,0.0,8.5,0,unknown,FALSE
2026,3,13,0,C01640,bus,2.9,25.0,0.0,8.5,0,TRUE,partial
2026,3,13,0,C01988,bus,2.9,25.0,0.0,8.5,0,FALSE,FALSE
2026,3,13,0,C02279,bus,2.9,25.0,0.0,8.5,0,unknown,partial
2026,3,13,0,C02118,bus,2.9,25.0,0.0,8.5,0,FALSE,TRUE
2026,3,13,0,C01475,bus,2.9,25.0,0.0,8.5,0,unknown,partial
2026,3,13,0,C00200,bus,2.9,25.0,0.0,8.5,0,unknown,partial
2026,3,13,0,C01072,bus,2.9,25.0,0.0,8.5,0,TRUE,partial
2026,3,13,0,C00122,bus,2.9,25.0,0.0,8.5,0,unknown,TRUE
2026,3,13,0,C00197,bus,2.9,25.0,0.0,8.5,0,unknown,partial
2026,3,13,0,C00310,bus,2.9,25.0,0.0,8.5,0,FALSE,partial
2026,3,13,0,C00667,bus,2.9,25.0,0.0,8.5,0,TRUE,partial
2026,3,13,0,C00935,bus,2.9,25.0,0.0,8.5,0,unknown,partial
2026,3,13,0,C02485,bus,2.9,25.0,0.0,8.5,0,unknown,partial
2026,3,13,0,C02587,bus,2.9,25.0,0.0,8.5,0,unknown,partial
2026,3,13,0,C02301,bus,2.9,25.0,0.0,8.5,0,unknown,unknown
2026,3,13,0,C00183,bus,2.9,25.0,0.0,8.5,0,FALSE,FALSE
2026,3,13,0,C02318,bus,2.9,25.0,0.0,8.5,0,unknown,TRUE
2026,3,13,0,C01638,bus,2.9,25.0,0.0,8.5,0,TRUE,partial
2026,3,13,0,C02278,bus,2.9,25.0,0.0,8.5,0,unknown,partial
2026,3,13,0,C00463,bus,2.9,25.0,0.0,8.5,0,unknown,unknown
2026,3,13,0,C00472,bus,2.9,25.0,0.0,8.5,0,TRUE,unknown
2026,3,13,0,C00424,bus,2.9,25.0,0.0,8.5,0,unknown,FALSE
2026,3,13,0,C00929,bus,2.9,25.0,0.0,8.5,0,unknown,partial
2026,3,13,0,C01604,bus,2.9,25.0,0.0,8.5,0,TRUE,unknown
2026,3,13,0,C01966,bus,2.9,25.0,0.0,8.5,0,FALSE,partial
2026,3,13,0,C00937,bus,2.9,25.0,0.0,8.5,0,unknown,partial
2026,3,13,0,C01044,bus,2.9,25.0,0.0,8.5,0,FALSE,partial
2026,3,13,0,C01328,bus,2.9,25.0,0.0,8.5,0,FALSE,FALSE
2026,3,13,0,C00239,bus,2.9,25.0,0.0,8.5,0,FALSE,partial
2026,3,13,0,C02057,bus,2.9,25.0,0.0,8.5,0,unknown,partial
2026,3,13,0,C00842,bus,2.9,25.0,0.0,8.5,0,unknown,FALSE
2026,3,13,0,C00767,bus,2.9,25.0,0.0,8.5,0,TRUE,TRUE
2026,3,13,0,C00906,bus,2.9,25.0,0.0,8.5,0,unknown,TRUE
2026,3,13,0,C02086,bus,2.9,25.0,0.0,8.5,0,FALSE,TRUE
2026,3,13,0,C00702,bus,2.9,25.0,0.0,8.5,0,unknown,partial
2026,3,13,0,C02415,bus,2.9,25.0,0.0,8.5,0,unknown,TRUE
2026,3,13,0,C02598,bus,2.9,25.0,0.0,8.5,0,unknown,unknown
2026,3,13,0,C02720,bus,2.9,25.0,0.0,8.5,0,unknown,partial
2026,3,13,0,C02731,bus,2.9,25.0,0.0,8.5,0,unknown,partial
2026,3,13,0,C00216,bus,2.9,25.0,0.0,8.5,0,unknown,partial
2026,3,13,0,C00323,bus,2.9,25.0,0.0,8.5,0,TRUE,partial
2026,3,13,0,C01391,tram,2.9,25.0,0.0,8.5,0,TRUE,TRUE
2026,3,13,0,C00020,bus,2.9,25.0,0.0,8.5,0,unknown,partial
2026,3,13,0,C01422,bus,2.9,25.0,0.0,8.5,0,TRUE,FALSE
2026,3,13,0,C00868,bus,2.9,25.0,0.0,8.5,0,FALSE,FALSE
2026,3,13,0,C00420,bus,2.9,25.0,0.0,8.5,0,FALSE,TRUE
2026,3,13,0,C01705,bus,2.9,25.0,0.0,8.5,0,unknown,TRUE
2026,3,13,0,C01719,bus,2.9,25.0,0.0,8.5,0,FALSE,FALSE
2026,3,13,0,C00504,bus,2.9,25.0,0.0,8.5,0,unknown,FALSE
2026,3,13,0,C00977,bus,2.9,25.0,0.0,8.5,0,unknown,partial
2026,3,13,0,C01629,bus,2.9,25.0,0.0,8.5,0,TRUE,partial
2026,3,13,0,C01802,bus,2.9,25.0,0.0,8.5,0,TRUE,FALSE
2026,3,13,0,C00612,bus,2.9,25.0,0.0,8.5,0,unknown,partial
2026,3,13,0,C00725,bus,2.9,25.0,0.0,8.5,0,unknown,unknown
2026,3,13,0,C02398,bus,2.9,25.0,0.0,8.5,0,unknown,partial
2026,3,13,0,C02558,bus,2.9,25.0,0.0,8.5,0,unknown,partial
2026,3,13,0,C02540,bus,2.9,25.0,0.0,8.5,0,unknown,partial
2026,3,13,0,C02680,bus,2.9,25.0,0.0,8.5,0,unknown,partial
2026,3,13,0,C02822,bus,2.9,25.0,0.0,8.5,0,unknown,unknown
2026,3,13,0,C01615,bus,2.9,25.0,0.0,8.5,0,unknown,partial
2026,3,13,0,C01602,bus,2.9,25.0,0.0,8.5,0,unknown,unknown
2026,3,13,0,C01223,bus,2.9,25.0,0.0,8.5,0,TRUE,partial
2026,3,13,0,C01488,bus,2.9,25.0,0.0,8.5,0,TRUE,FALSE
2026,3,13,0,C01151,bus,2.9,25.0,0.0,8.5,0,TRUE,FALSE
2026,3,13,0,C00196,bus,2.9,25.0,0.0,8.5,0,unknown,partial
2026,3,13,0,C00838,bus,2.9,25.0,0.0,8.5,0,unknown,FALSE
2026,3,13,0,C00952,bus,2.9,25.0,0.0,8.5,0,unknown,TRUE
2026,3,13,0,C00537,bus,2.9,25.0,0.0,8.5,0,unknown,partial
2026,3,13,0,C01698,bus,2.9,25.0,0.0,8.5,0,TRUE,unknown
2026,3,13,0,C00025,bus,2.9,25.0,0.0,8.5,0,unknown,partial
2026,3,13,0,C02547,bus,2.9,25.0,0.0,8.5,0,unknown,partial
2026,3,13,0,C02270,bus,2.9,25.0,0.0,8.5,0,unknown,partial
2026,3,13,0,C00128,bus,2.9,25.0,0.0,8.5,0,unknown,partial
2026,3,13,0,C01439,bus,2.9,25.0,0.0,8.5,0,unknown,unknown
2026,3,13,0,C00137,bus,2.9,25.0,0.0,8.5,0,unknown,FALSE
2026,3,13,0,C01393,bus,2.9,25.0,0.0,8.5,0,TRUE,FALSE
2026,3,13,0,C01085,bus,2.9,25.0,0.0,8.5,0,TRUE,FALSE
2026,3,13,0,C01264,bus,2.9,25.0,0.0,8.5,0,TRUE,FALSE
2026,3,13,0,C02031,bus,2.9,25.0,0.0,8.5,0,FALSE,partial
2026,3,13,0,C00236,bus,2.9,25.0,0.0,8.5,0,FALSE,partial
2026,3,13,0,C01362,bus,2.9,25.0,0.0,8.5,0,TRUE,FALSE
2026,3,13,0,C01708,bus,2.9,25.0,0.0,8.5,0,FALSE,partial
2026,3,13,0,C00644,bus,2.9,25.0,0.0,8.5,0,unknown,partial
2026,3,13,0,C01786,bus,2.9,25.0,0.0,8.5,0,unknown,TRUE
2026,3,13,0,C01523,bus,2.9,25.0,0.0,8.5,0,TRUE,partial
2026,3,13,0,C02446,bus,2.9,25.0,0.0,8.5,0,unknown,FALSE
2026,3,13,0,C02803,bus,2.9,25.0,0.0,8.5,0,unknown,unknown
2026,3,13,0,C00863,bus,2.9,25.0,0.0,8.5,0,FALSE,FALSE
2026,3,13,0,C00622,bus,2.9,25.0,0.0,8.5,0,unknown,partial
2026,3,13,0,C02317,tram,2.9,25.0,0.0,8.5,0,TRUE,TRUE
2026,3,13,0,C01265,bus,2.9,25.0,0.0,8.5,0,TRUE,FALSE
2026,3,13,0,C00452,bus,2.9,25.0,0.0,8.5,0,TRUE,unknown
2026,3,13,0,C01418,bus,2.9,25.0,0.0,8.5,0,unknown,FALSE
2026,3,13,0,C00322,bus,2.9,25.0,0.0,8.5,0,unknown,partial
2026,3,13,0,C01278,bus,2.9,25.0,0.0,8.5,0,TRUE,TRUE
2026,3,13,0,C00556,bus,2.9,25.0,0.0,8.5,0,TRUE,TRUE
2026,3,13,0,C01137,bus,2.9,25.0,0.0,8.5,0,TRUE,FALSE
2026,3,13,0,C01144,bus,2.9,25.0,0.0,8.5,0,TRUE,partial
2026,3,13,0,C01230,bus,2.9,25.0,0.0,8.5,0,TRUE,TRUE
2026,3,13,0,C01232,bus,2.9,25.0,0.0,8.5,0,TRUE,TRUE
2026,3,13,0,C00617,bus,2.9,25.0,0.0,8.5,0,unknown,partial
2026,3,13,0,C00852,bus,2.9,25.0,0.0,8.5,0,unknown,FALSE
2026,3,13,0,C02079,bus,2.9,25.0,0.0,8.5,0,FALSE,TRUE
2026,3,13,0,C00143,bus,2.9,25.0,0.0,8.5,0,TRUE,partial
2026,3,13,0,C02365,bus,2.9,25.0,0.0,8.5,0,unknown,TRUE
2026,3,13,0,C02609,bus,2.9,25.0,0.0,8.5,0,unknown,partial
2026,3,13,0,C01003,bus,2.9,25.0,0.0,8.5,0,unknown,partial
2026,3,13,0,C01462,bus,2.9,25.0,0.0,8.5,0,FALSE,unknown
2026,3,13,0,C01258,bus,2.9,25.0,0.0,8.5,0,TRUE,FALSE
2026,3,13,0,C01254,bus,2.9,25.0,0.0,8.5,0,TRUE,TRUE
2026,3,13,0,C01428,bus,2.9,25.0,0.0,8.5,0,unknown,unknown
2026,3,13,0,C00763,bus,2.9,25.0,0.0,8.5,0,TRUE,TRUE
2026,3,13,0,C00589,bus,2.9,25.0,0.0,8.5,0,FALSE,partial
2026,3,13,0,C02476,bus,2.9,25.0,0.0,8.5,0,unknown,partial
2026,3,13,0,C02541,bus,2.9,25.0,0.0,8.5,0,unknown,partial
2026,3,13,0,C02723,bus,2.9,25.0,0.0,8.5,0,,
2026,3,13,0,C00498,bus,2.9,25.0,0.0,8.5,0,unknown,FALSE
2026,3,13,0,C01544,bus,2.9,25.0,0.0,8.5,0,FALSE,partial
2026,3,13,0,C00901,bus,2.9,25.0,0.0,8.5,0,unknown,partial
2026,3,13,0,C00548,bus,2.9,25.0,0.0,8.5,0,unknown,TRUE
2026,3,13,0,C02383,bus,2.9,25.0,0.0,8.5,0,FALSE,TRUE
2026,3,13,0,C02467,bus,2.9,25.0,0.0,8.5,0,unknown,TRUE
2026,3,13,0,C02490,bus,2.9,25.0,0.0,8.5,0,unknown,partial
2026,3,13,0,C02617,bus,2.9,25.0,0.0,8.5,0,unknown,partial
2026,3,13,0,C00138,bus,2.9,25.0,0.0,8.5,0,unknown,FALSE
2026,3,13,0,C01502,bus,2.9,25.0,0.0,8.5,0,unknown,unknown
2026,3,13,0,C01120,bus,2.9,25.0,0.0,8.5,0,TRUE,FALSE
2026,3,13,0,C00633,bus,2.9,25.0,0.0,8.5,0,FALSE,partial
2026,3,13,0,C02498,bus,2.9,25.0,0.0,8.5,0,unknown,unknown
2026,3,13,0,C02502,bus,2.9,25.0,0.0,8.5,0,unknown,unknown
2026,3,13,0,C01397,bus,2.9,25.0,0.0,8.5,0,unknown,FALSE
2026,3,13,0,C01753,bus,2.9,25.0,0.0,8.5,0,unknown,partial
2026,3,13,0,C01099,bus,2.9,25.0,0.0,8.5,0,TRUE,partial
2026,3,13,0,C00201,bus,2.9,25.0,0.0,8.5,0,unknown,partial
2026,3,13,0,C00388,bus,2.9,25.0,0.0,8.5,0,unknown,partial
2026,3,13,0,C00006,bus,2.9,25.0,0.0,8.5,0,FALSE,partial
2026,3,13,0,C02641,bus,2.9,25.0,0.0,8.5,0,unknown,FALSE
2026,3,13,0,C02721,bus,2.9,25.0,0.0,8.5,0,unknown,partial
2026,3,13,0,C00340,bus,2.9,25.0,0.0,8.5,0,TRUE,unknown
2026,3,13,0,C00376,bus,2.9,25.0,0.0,8.5,0,unknown,partial
2026,3,13,0,C00130,bus,2.9,25.0,0.0,8.5,0,unknown,partial
2026,3,13,0,C01454,bus,2.9,25.0,0.0,8.5,0,FALSE,unknown
2026,3,13,0,C00456,bus,2.9,25.0,0.0,8.5,0,unknown,partial
2026,3,13,0,C02620,bus,2.9,25.0,0.0,8.5,0,unknown,partial
2026,3,13,0,C00590,bus,2.9,25.0,0.0,8.5,0,unknown,partial
2026,3,13,0,C01619,bus,2.9,25.0,0.0,8.5,0,TRUE,partial
2026,3,13,0,C00766,bus,2.9,25.0,0.0,8.5,0,FALSE,TRUE
2026,3,13,0,C01303,bus,2.9,25.0,0.0,8.5,0,TRUE,FALSE
2026,3,13,0,C01087,bus,2.9,25.0,0.0,8.5,0,TRUE,FALSE
2026,3,13,0,C00251,bus,2.9,25.0,0.0,8.5,0,unknown,partial
2026,3,13,0,C00630,bus,2.9,25.0,0.0,8.5,0,unknown,partial
2026,3,13,0,C02066,bus,2.9,25.0,0.0,8.5,0,FALSE,partial
2026,3,13,0,C00078,bus,2.9,25.0,0.0,8.5,0,unknown,unknown
2026,3,13,0,C00881,bus,2.9,25.0,0.0,8.5,0,TRUE,TRUE
2026,3,13,0,C00500,bus,2.9,25.0,0.0,8.5,0,unknown,FALSE
2026,3,13,0,C02583,bus,2.9,25.0,0.0,8.5,0,unknown,unknown
2026,3,13,0,C02769,bus,2.9,25.0,0.0,8.5,0,unknown,partial
2026,3,13,0,C00827,bus,2.9,25.0,0.0,8.5,0,FALSE,partial
2026,3,13,0,C01132,bus,2.9,25.0,0.0,8.5,0,TRUE,partial
2026,3,13,0,C00245,bus,2.9,25.0,0.0,8.5,0,unknown,partial
2026,3,13,0,C00443,bus,2.9,25.0,0.0,8.5,0,TRUE,unknown
2026,3,13,0,C02520,bus,2.9,25.0,0.0,8.5,0,unknown,partial
2026,3,13,0,C02724,bus,2.9,25.0,0.0,8.5,0,unknown,partial
2026,3,13,0,C02254,bus,2.9,25.0,0.0,8.5,0,unknown,partial
2026,3,13,0,C00057,bus,2.9,25.0,0.0,8.5,0,unknown,FALSE
2026,3,13,0,C00297,bus,2.9,25.0,0.0,8.5,0,TRUE,partial
2026,3,13,0,C01006,bus,2.9,25.0,0.0,8.5,0,unknown,partial
2026,3,13,0,C02088,bus,2.9,25.0,0.0,8.5,0,FALSE,partial
2026,3,13,0,C01112,bus,2.9,25.0,0.0,8.5,0,TRUE,partial
2026,3,13,0,C02727,bus,2.9,25.0,0.0,8.5,0,unknown,FALSE
2026,3,13,0,C00015,bus,2.9,25.0,0.0,8.5,0,FALSE,partial
2026,3,13,0,C02708,bus,2.9,25.0,0.0,8.5,0,unknown,partial
2026,3,13,0,C01270,bus,2.9,25.0,0.0,8.5,0,TRUE,TRUE
2026,3,13,0,C01308,bus,2.9,25.0,0.0,8.5,0,TRUE,FALSE
2026,3,13,0,C00105,bus,2.9,25.0,0.0,8.5,0,unknown,partial
2026,3,13,0,C01225,bus,2.9,25.0,0.0,8.5,0,TRUE,partial
2026,3,13,0,C02260,bus,2.9,25.0,0.0,8.5,0,unknown,partial
2026,3,13,0,C02316,bus,2.9,25.0,0.0,8.5,0,FALSE,unknown
2026,3,13,0,C02618,bus,2.9,25.0,0.0,8.5,0,unknown,partial
2026,3,13,0,C02033,bus,2.9,25.0,0.0,8.5,0,FALSE,partial
2026,3,13,0,C00272,bus,2.9,25.0,0.0,8.5,0,TRUE,partial
2026,3,13,0,C02827,bus,2.9,25.0,0.0,8.5,0,unknown,unknown
2026,3,13,0,C01639,bus,2.9,25.0,0.0,8.5,0,TRUE,partial
2026,3,13,0,C02266,bus,2.9,25.0,0.0,8.5,0,unknown,partial
2026,3,13,0,C00972,bus,2.9,25.0,0.0,8.5,0,unknown,partial
2026,3,13,0,C01185,bus,2.9,25.0,0.0,8.5,0,TRUE,FALSE
2026,3,13,0,C00511,bus,2.9,25.0,0.0,8.5,0,FALSE,FALSE
2026,3,13,0,C00317,bus,2.9,25.0,0.0,8.5,0,TRUE,partial
2026,3,13,0,C01495,bus,2.9,25.0,0.0,8.5,0,TRUE,partial
2026,3,13,0,C01575,bus,2.9,25.0,0.0,8.5,0,FALSE,FALSE
2026,3,13,0,C01479,bus,2.9,25.0,0.0,8.5,0,unknown,partial
2026,3,13,0,C01175,bus,2.9,25.0,0.0,8.5,0,TRUE,FALSE
2026,3,13,0,C02091,bus,2.9,25.0,0.0,8.5,0,FALSE,partial
2026,3,13,0,C00024,bus,2.9,25.0,0.0,8.5,0,unknown,partial
2026,3,13,0,C01985,bus,2.9,25.0,0.0,8.5,0,FALSE,FALSE
2026,3,13,0,C01076,bus,2.9,25.0,0.0,8.5,0,TRUE,TRUE
2026,3,13,0,C01403,bus,2.9,25.0,0.0,8.5,0,TRUE,FALSE
2026,3,13,0,C00007,bus,2.9,25.0,0.0,8.5,0,unknown,partial
2026,3,13,0,C00639,bus,2.9,25.0,0.0,8.5,0,unknown,FALSE
2026,3,13,0,C01530,bus,2.9,25.0,0.0,8.5,0,TRUE,partial
2026,3,13,0,C01519,bus,2.9,25.0,0.0,8.5,0,unknown,unknown
2026,3,13,0,C01951,bus,2.9,25.0,0.0,8.5,0,FALSE,FALSE
2026,3,13,0,C01976,bus,2.9,25.0,0.0,8.5,0,FALSE,partial
2026,3,13,0,C00180,bus,2.9,25.0,0.0,8.5,0,unknown,FALSE
2026,3,13,0,C01648,bus,2.9,25.0,0.0,8.5,0,TRUE,partial
2026,3,13,0,C01680,bus,2.9,25.0,0.0,8.5,0,TRUE,TRUE
2026,3,13,0,C02173,bus,2.9,25.0,0.0,8.5,0,FALSE,TRUE
2026,3,13,0,C01452,bus,2.9,25.0,0.0,8.5,0,FALSE,unknown
2026,3,13,0,C00748,bus,2.9,25.0,0.0,8.5,0,unknown,unknown
2026,3,13,0,C00984,bus,2.9,25.0,0.0,8.5,0,unknown,partial
2026,3,13,0,C00203,bus,2.9,25.0,0.0,8.5,0,unknown,partial
2026,3,13,0,C02183,bus,2.9,25.0,0.0,8.5,0,unknown,FALSE
2026,3,13,0,C00774,bus,2.9,25.0,0.0,8.5,0,TRUE,TRUE
2026,3,13,0,C01340,bus,2.9,25.0,0.0,8.5,0,TRUE,FALSE
2026,3,13,0,C00786,bus,2.9,25.0,0.0,8.5,0,FALSE,partial
2026,3,13,0,C02464,bus,2.9,25.0,0.0,8.5,0,unknown,FALSE
2026,3,13,0,C02543,bus,2.9,25.0,0.0,8.5,0,unknown,partial
2026,3,13,0,C02610,bus,2.9,25.0,0.0,8.5,0,unknown,partial
2026,3,13,0,C02640,bus,2.9,25.0,0.0,8.5,0,unknown,FALSE
2026,3,13,0,C00676,bus,2.9,25.0,0.0,8.5,0,unknown,unknown
2026,3,13,0,C00129,bus,2.9,25.0,0.0,8.5,0,unknown,partial
2026,3,13,0,C00240,bus,2.9,25.0,0.0,8.5,0,FALSE,partial
2026,3,13,0,C01321,bus,2.9,25.0,0.0,8.5,0,TRUE,TRUE
2026,3,13,0,C00663,bus,2.9,25.0,0.0,8.5,0,unknown,partial
2026,3,13,0,C00461,bus,2.9,25.0,0.0,8.5,0,unknown,unknown
2026,3,13,0,C02735,bus,2.9,25.0,0.0,8.5,0,unknown,partial
2026,3,13,0,C02265,bus,2.9,25.0,0.0,8.5,0,unknown,partial
2026,3,13,0,C02298,bus,2.9,25.0,0.0,8.5,0,TRUE,partial
2026,3,13,0,C02294,bus,2.9,25.0,0.0,8.5,0,FALSE,unknown
2026,3,13,0,C00378,bus,2.9,25.0,0.0,8.5,0,unknown,partial
2026,3,13,0,C01594,bus,2.9,25.0,0.0,8.5,0,FALSE,partial
2026,3,13,0,C01513,bus,2.9,25.0,0.0,8.5,0,unknown,unknown
2026,3,13,0,C01491,bus,2.9,25.0,0.0,8.5,0,FALSE,partial
2026,3,13,0,C01192,bus,2.9,25.0,0.0,8.5,0,TRUE,FALSE
2026,3,13,0,C00627,bus,2.9,25.0,0.0,8.5,0,unknown,partial
2026,3,13,0,C01206,bus,2.9,25.0,0.0,8.5,0,TRUE,TRUE
2026,3,13,0,C01295,bus,2.9,25.0,0.0,8.5,0,TRUE,TRUE
2026,3,13,0,C00898,bus,2.9,25.0,0.0,8.5,0,unknown,partial
2026,3,13,0,C00924,bus,2.9,25.0,0.0,8.5,0,unknown,TRUE
2026,3,13,0,C01886,bus,2.9,25.0,0.0,8.5,0,FALSE,partial
2026,3,13,0,C02449,bus,2.9,25.0,0.0,8.5,0,unknown,partial
2026,3,13,0,C02612,bus,2.9,25.0,0.0,8.5,0,unknown,partial
2026,3,13,0,C02637,bus,2.9,25.0,0.0,8.5,0,unknown,unknown
2026,3,13,0,C01201,bus,2.9,25.0,0.0,8.5,0,TRUE,FALSE
2026,3,13,0,C02734,bus,2.9,25.0,0.0,8.5,0,unknown,partial
2026,3,13,0,C02209,bus,2.9,25.0,0.0,8.5,0,unknown,partial
2026,3,13,0,C00341,bus,2.9,25.0,0.0,8.5,0,TRUE,FALSE
2026,3,13,0,C00654,bus,2.9,25.0,0.0,8.5,0,unknown,partial
2026,3,13,0,C02131,bus,2.9,25.0,0.0,8.5,0,FALSE,FALSE
2026,3,13,0,C01556,bus,2.9,25.0,0.0,8.5,0,unknown,TRUE
2026,3,13,0,C02107,bus,2.9,25.0,0.0,8.5,0,FALSE,partial
2026,3,13,0,C01720,bus,2.9,25.0,0.0,8.5,0,FALSE,FALSE
2026,3,13,0,C00640,bus,2.9,25.0,0.0,8.5,0,unknown,partial
2026,3,13,0,C01172,bus,2.9,25.0,0.0,8.5,0,TRUE,partial
2026,3,13,0,C02204,bus,2.9,25.0,0.0,8.5,0,FALSE,unknown
2026,3,13,0,C01083,bus,2.9,25.0,0.0,8.5,0,TRUE,TRUE
2026,3,13,0,C01205,bus,2.9,25.0,0.0,8.5,0,TRUE,FALSE
2026,3,13,0,C01570,bus,2.9,25.0,0.0,8.5,0,TRUE,partial
2026,3,13,0,C00794,bus,2.9,25.0,0.0,8.5,0,FALSE,partial
2026,3,13,0,C00601,bus,2.9,25.0,0.0,8.5,0,FALSE,partial
2026,3,13,0,C00903,bus,2.9,25.0,0.0,8.5,0,unknown,partial
2026,3,13,0,C01168,bus,2.9,25.0,0.0,8.5,0,TRUE,FALSE
2026,3,13,0,C00573,bus,2.9,25.0,0.0,8.5,0,TRUE,TRUE
2026,3,13,0,C02382,bus,2.9,25.0,0.0,8.5,0,FALSE,unknown
2026,3,13,0,C02683,bus,2.9,25.0,0.0,8.5,0,unknown,partial
2026,3,13,0,C01842,bus,2.9,25.0,0.0,8.5,0,FALSE,unknown
2026,3,13,0,C01576,bus,2.9,25.0,0.0,8.5,0,FALSE,FALSE
2026,3,13,0,C00014,bus,2.9,25.0,0.0,8.5,0,unknown,partial
2026,3,13,0,C00555,bus,2.9,25.0,0.0,8.5,0,unknown,TRUE
2026,3,13,0,C00509,bus,2.9,25.0,0.0,8.5,0,FALSE,FALSE
2026,3,13,0,C01349,bus,2.9,25.0,0.0,8.5,0,TRUE,FALSE
2026,3,13,0,C01821,bus,2.9,25.0,0.0,8.5,0,TRUE,FALSE
2026,3,13,0,C00887,bus,2.9,25.0,0.0,8.5,0,TRUE,TRUE
2026,3,13,0,C00894,bus,2.9,25.0,0.0,8.5,0,unknown,partial
2026,3,13,0,C02513,bus,2.9,25.0,0.0,8.5,0,unknown,partial
2026,3,13,0,C00495,bus,2.9,25.0,0.0,8.5,0,unknown,unknown
2026,3,13,0,C01505,bus,2.9,25.0,0.0,8.5,0,unknown,unknown
2026,3,13,0,C01790,bus,2.9,25.0,0.0,8.5,0,unknown,TRUE
2026,3,13,0,C00638,bus,2.9,25.0,0.0,8.5,0,unknown,partial
2026,3,13,0,C01045,bus,2.9,25.0,0.0,8.5,0,FALSE,partial
2026,3,13,0,C00695,bus,2.9,25.0,0.0,8.5,0,TRUE,partial
2026,3,13,0,C00218,bus,2.9,25.0,0.0,8.5,0,FALSE,partial
2026,3,13,0,C01158,bus,2.9,25.0,0.0,8.5,0,TRUE,TRUE
2026,3,13,0,C01533,bus,2.9,25.0,0.0,8.5,0,TRUE,partial
2026,3,13,0,C01315,bus,2.9,25.0,0.0,8.5,0,TRUE,FALSE
2026,3,13,0,C01332,bus,2.9,25.0,0.0,8.5,0,TRUE,FALSE
2026,3,13,0,C00886,bus,2.9,25.0,0.0,8.5,0,unknown,partial
2026,3,13,0,C00946,bus,2.9,25.0,0.0,8.5,0,unknown,partial
2026,3,13,0,C01645,bus,2.9,25.0,0.0,8.5,0,TRUE,partial
2026,3,13,0,C01411,bus,2.9,25.0,0.0,8.5,0,unknown,FALSE
2026,3,13,0,C00897,bus,2.9,25.0,0.0,8.5,0,unknown,partial
2026,3,13,0,C01566,bus,2.9,25.0,0.0,8.5,0,unknown,unknown
2026,3,13,0,C01689,bus,2.9,25.0,0.0,8.5,0,FALSE,partial
2026,3,13,0,C00899,bus,2.9,25.0,0.0,8.5,0,unknown,partial
2026,3,13,0,C01268,bus,2.9,25.0,0.0,8.5,0,unknown,FALSE
2026,3,13,0,C02706,bus,2.9,25.0,0.0,8.5,0,unknown,partial
2026,3,13,0,C01406,bus,2.9,25.0,0.0,8.5,0,unknown,FALSE
2026,3,13,0,C00161,bus,2.9,25.0,0.0,8.5,0,TRUE,partial
2026,3,13,0,C00253,bus,2.9,25.0,0.0,8.5,0,unknown,partial
2026,3,13,0,C01209,bus,2.9,25.0,0.0,8.5,0,TRUE,partial
2026,3,13,0,C01219,bus,2.9,25.0,0.0,8.5,0,TRUE,FALSE
2026,3,13,0,C00983,bus,2.9,25.0,0.0,8.5,0,unknown,partial
2026,3,13,0,C00928,bus,2.9,25.0,0.0,8.5,0,unknown,partial
2026,3,13,0,C01094,bus,2.9,25.0,0.0,8.5,0,TRUE,FALSE
2026,3,13,0,C01442,bus,2.9,25.0,0.0,8.5,0,unknown,unknown
2026,3,13,0,C00705,bus,2.9,25.0,0.0,8.5,0,unknown,partial
2026,3,13,0,C01647,bus,2.9,25.0,0.0,8.5,0,TRUE,FALSE
2026,3,13,0,C00172,bus,2.9,25.0,0.0,8.5,0,unknown,FALSE
2026,3,13,0,C00444,bus,2.9,25.0,0.0,8.5,0,TRUE,unknown
2026,3,13,0,C01216,bus,2.9,25.0,0.0,8.5,0,TRUE,TRUE
2026,3,13,0,C00165,bus,2.9,25.0,0.0,8.5,0,unknown,FALSE
2026,3,13,0,C01477,bus,2.9,25.0,0.0,8.5,0,unknown,partial
2026,3,13,0,C01512,bus,2.9,25.0,0.0,8.5,0,unknown,unknown
2026,3,13,0,C00840,bus,2.9,25.0,0.0,8.5,0,unknown,FALSE
2026,3,13,0,C00010,bus,2.9,25.0,0.0,8.5,0,unknown,partial
2026,3,13,0,C02077,bus,2.9,25.0,0.0,8.5,0,FALSE,TRUE
2026,3,13,0,C02090,bus,2.9,25.0,0.0,8.5,0,FALSE,partial
2026,3,13,0,C01809,bus,2.9,25.0,0.0,8.5,0,TRUE,partial
2026,3,13,0,C01220,bus,2.9,25.0,0.0,8.5,0,TRUE,FALSE
2026,3,13,0,C01978,bus,2.9,25.0,0.0,8.5,0,FALSE,partial
2026,3,13,0,C00964,bus,2.9,25.0,0.0,8.5,0,unknown,partial
2026,3,13,0,C00267,bus,2.9,25.0,0.0,8.5,0,unknown,partial
2026,3,13,0,C02812,bus,2.9,25.0,0.0,8.5,0,unknown,unknown
2026,3,13,0,C00758,bus,2.9,25.0,0.0,8.5,0,unknown,unknown
2026,3,13,0,C00494,bus,2.9,25.0,0.0,8.5,0,FALSE,FALSE
2026,3,13,0,C02496,bus,2.9,25.0,0.0,8.5,0,unknown,partial
2026,3,13,0,C01994,bus,2.9,25.0,0.0,8.5,0,FALSE,partial
2026,3,13,0,C00921,bus,2.9,25.0,0.0,8.5,0,FALSE,TRUE
2026,3,13,0,C00170,bus,2.9,25.0,0.0,8.5,0,unknown,FALSE
2026,3,13,0,C00168,bus,2.9,25.0,0.0,8.5,0,unknown,FALSE
2026,3,13,0,C00847,bus,2.9,25.0,0.0,8.5,0,FALSE,FALSE
2026,3,13,0,C02218,bus,2.9,25.0,0.0,8.5,0,TRUE,TRUE
2026,3,13,0,C01481,bus,2.9,25.0,0.0,8.5,0,TRUE,FALSE
2026,3,13,0,C02000,bus,2.9,25.0,0.0,8.5,0,TRUE,TRUE
2026,3,13,0,C02473,bus,2.9,25.0,0.0,8.5,0,unknown,partial
2026,3,13,0,C00448,bus,2.9,25.0,0.0,8.5,0,TRUE,unknown
2026,3,13,0,C02222,bus,2.9,25.0,0.0,8.5,0,FALSE,partial
2026,3,13,0,C02160,bus,2.9,25.0,0.0,8.5,0,FALSE,TRUE
2026,3,13,0,C01247,bus,2.9,25.0,0.0,8.5,0,TRUE,FALSE
2026,3,13,0,C01448,bus,2.9,25.0,0.0,8.5,0,FALSE,partial
2026,3,13,0,C02155,bus,2.9,25.0,0.0,8.5,0,FALSE,unknown
2026,3,13,0,C02474,bus,2.9,25.0,0.0,8.5,0,unknown,partial
2026,3,13,0,C02728,bus,2.9,25.0,0.0,8.5,0,unknown,FALSE
2026,3,13,0,C01239,bus,2.9,25.0,0.0,8.5,0,TRUE,TRUE
2026,3,13,0,C01588,bus,2.9,25.0,0.0,8.5,0,FALSE,partial
2026,3,13,0,C01243,bus,2.9,25.0,0.0,8.5,0,TRUE,TRUE
2026,3,13,0,C01098,bus,2.9,25.0,0.0,8.5,0,TRUE,FALSE
2026,3,13,0,C02804,bus,2.9,25.0,0.0,8.5,0,unknown,unknown
2026,3,13,0,C02832,bus,2.9,25.0,0.0,8.5,0,unknown,TRUE
2026,3,13,0,C01429,bus,2.9,25.0,0.0,8.5,0,unknown,partial
2026,3,13,0,C01776,bus,2.9,25.0,0.0,8.5,0,FALSE,partial
2026,3,13,0,C02686,bus,2.9,25.0,0.0,8.5,0,unknown,partial
2026,3,13,0,C02782,bus,2.9,25.0,0.0,8.5,0,unknown,partial
2026,3,13,0,C00916,bus,2.9,25.0,0.0,8.5,0,unknown,partial
2026,3,13,0,C01095,bus,2.9,25.0,0.0,8.5,0,TRUE,partial
2026,3,13,0,C00740,bus,2.9,25.0,0.0,8.5,0,unknown,unknown
2026,3,13,0,C00051,bus,2.9,25.0,0.0,8.5,0,FALSE,partial
2026,3,13,0,C02448,bus,2.9,25.0,0.0,8.5,0,unknown,FALSE
2026,3,13,0,C00830,bus,2.9,25.0,0.0,8.5,0,FALSE,partial
2026,3,13,0,C01123,bus,2.9,25.0,0.0,8.5,0,TRUE,partial
2026,3,13,0,C01554,bus,2.9,25.0,0.0,8.5,0,unknown,TRUE
2026,3,13,0,C01124,bus,2.9,25.0,0.0,8.5,0,TRUE,FALSE
2026,3,13,0,C02418,bus,2.9,25.0,0.0,8.5,0,TRUE,partial
2026,3,13,0,C01445,bus,2.9,25.0,0.0,8.5,0,FALSE,partial
2026,3,13,0,C00235,bus,2.9,25.0,0.0,8.5,0,FALSE,partial
2026,3,13,0,C00038,bus,2.9,25.0,0.0,8.5,0,TRUE,partial
2026,3,13,0,C02692,bus,2.9,25.0,0.0,8.5,0,unknown,partial
2026,3,13,0,C01774,tram,2.9,25.0,0.0,8.5,0,TRUE,TRUE
2026,3,13,0,C00798,bus,2.9,25.0,0.0,8.5,0,FALSE,unknown
2026,3,13,0,C00273,bus,2.9,25.0,0.0,8.5,0,unknown,partial
2026,3,13,0,C01616,bus,2.9,25.0,0.0,8.5,0,TRUE,partial
2026,3,13,0,C00532,bus,2.9,25.0,0.0,8.5,0,unknown,unknown
2026,3,13,0,C00910,bus,2.9,25.0,0.0,8.5,0,unknown,TRUE
2026,3,13,0,C01482,bus,2.9,25.0,0.0,8.5,0,FALSE,partial
2026,3,13,0,C00109,bus,2.9,25.0,0.0,8.5,0,unknown,unknown
2026,3,13,0,C02355,bus,2.9,25.0,0.0,8.5,0,FALSE,unknown
2026,3,13,0,C02548,bus,2.9,25.0,0.0,8.5,0,unknown,partial
2026,3,13,0,C00213,bus,2.9,25.0,0.0,8.5,0,unknown,partial
2026,3,13,0,C02390,bus,2.9,25.0,0.0,8.5,0,unknown,partial
2026,3,13,0,C02184,bus,2.9,25.0,0.0,8.5,0,unknown,FALSE
2026,3,13,0,C02277,bus,2.9,25.0,0.0,8.5,0,unknown,partial
2026,3,13,0,C00594,bus,2.9,25.0,0.0,8.5,0,TRUE,TRUE
2026,3,13,0,C01097,bus,2.9,25.0,0.0,8.5,0,TRUE,partial
2026,3,13,0,C02413,bus,2.9,25.0,0.0,8.5,0,unknown,TRUE
2026,3,13,0,C02672,bus,2.9,25.0,0.0,8.5,0,unknown,partial
2026,3,13,0,C02545,bus,2.9,25.0,0.0,8.5,0,unknown,partial
2026,3,13,0,C01684,tram,2.9,25.0,0.0,8.5,0,TRUE,TRUE
2026,3,13,0,C01105,bus,2.9,25.0,0.0,8.5,0,TRUE,FALSE
2026,3,13,0,C01093,bus,2.9,25.0,0.0,8.5,0,TRUE,partial
2026,3,13,0,C02194,bus,2.9,25.0,0.0,8.5,0,FALSE,FALSE
2026,3,13,0,C00871,bus,2.9,25.0,0.0,8.5,0,FALSE,FALSE
2026,3,13,0,C02284,bus,2.9,25.0,0.0,8.5,0,unknown,partial
2026,3,13,0,C00171,bus,2.9,25.0,0.0,8.5,0,unknown,FALSE
2026,3,13,0,C00392,bus,2.9,25.0,0.0,8.5,0,unknown,partial
2026,3,13,0,C00930,bus,2.9,25.0,0.0,8.5,0,unknown,partial
2026,3,13,0,C01394,bus,2.9,25.0,0.0,8.5,0,TRUE,FALSE
2026,3,13,0,C01503,bus,2.9,25.0,0.0,8.5,0,unknown,unknown
2026,3,13,0,C01131,bus,2.9,25.0,0.0,8.5,0,TRUE,FALSE
2026,3,13,0,C01524,bus,2.9,25.0,0.0,8.5,0,TRUE,partial
2026,3,13,0,C01197,bus,2.9,25.0,0.0,8.5,0,TRUE,FALSE
2026,3,13,0,C01102,bus,2.9,25.0,0.0,8.5,0,TRUE,partial
2026,3,13,0,C01173,bus,2.9,25.0,0.0,8.5,0,TRUE,partial
2026,3,13,0,C01281,bus,2.9,25.0,0.0,8.5,0,TRUE,FALSE
2026,3,13,0,C00660,bus,2.9,25.0,0.0,8.5,0,unknown,partial
2026,3,13,0,C01751,bus,2.9,25.0,0.0,8.5,0,TRUE,TRUE
2026,3,13,0,C02221,bus,2.9,25.0,0.0,8.5,0,TRUE,partial
2026,3,13,0,C01562,bus,2.9,25.0,0.0,8.5,0,FALSE,partial
2026,3,13,0,C02361,bus,2.9,25.0,0.0,8.5,0,unknown,partial
2026,3,13,0,C02389,bus,2.9,25.0,0.0,8.5,0,TRUE,unknown
2026,3,13,0,C02500,bus,2.9,25.0,0.0,8.5,0,unknown,unknown
2026,3,13,0,C02670,bus,2.9,25.0,0.0,8.5,0,unknown,partial
2026,3,13,0,C02674,bus,2.9,25.0,0.0,8.5,0,unknown,partial
2026,3,13,0,C02742,bus,2.9,25.0,0.0,8.5,0,unknown,FALSE
2026,3,13,0,C02834,bus,2.9,25.0,0.0,8.5,0,unknown,FALSE
2026,3,13,0,C02300,bus,2.9,25.0,0.0,8.5,0,unknown,unknown
2026,3,13,0,C00687,bus,2.9,25.0,0.0,8.5,0,unknown,unknown
2026,3,13,0,C01441,bus,2.9,25.0,0.0,8.5,0,unknown,unknown
2026,3,13,0,C00117,bus,2.9,25.0,0.0,8.5,0,unknown,partial
2026,3,13,0,C01980,bus,2.9,25.0,0.0,8.5,0,FALSE,FALSE
2026,3,13,0,C00328,bus,2.9,25.0,0.0,8.5,0,unknown,TRUE
2026,3,13,0,C01765,bus,2.9,25.0,0.0,8.5,0,unknown,partial
2026,3,13,0,C00557,bus,2.9,25.0,0.0,8.5,0,TRUE,TRUE
2026,3,13,0,C01518,bus,2.9,25.0,0.0,8.5,0,unknown,unknown
2026,3,13,0,C00844,bus,2.9,25.0,0.0,8.5,0,unknown,FALSE
2026,3,13,0,C00736,bus,2.9,25.0,0.0,8.5,0,unknown,unknown
2026,3,13,0,C00104,bus,2.9,25.0,0.0,8.5,0,unknown,partial
2026,3,13,0,C00925,bus,2.9,25.0,0.0,8.5,0,FALSE,TRUE
2026,3,13,0,C02085,bus,2.9,25.0,0.0,8.5,0,TRUE,TRUE
2026,3,13,0,C00001,bus,2.9,25.0,0.0,8.5,0,FALSE,partial
2026,3,13,0,C01804,bus,2.9,25.0,0.0,8.5,0,unknown,FALSE
2026,3,13,0,C02625,bus,2.9,25.0,0.0,8.5,0,unknown,TRUE
2026,3,13,0,C02700,bus,2.9,25.0,0.0,8.5,0,unknown,partial
2026,3,13,0,C02313,bus,2.9,25.0,0.0,8.5,0,FALSE,FALSE
2026,3,13,0,C00160,bus,2.9,25.0,0.0,8.5,0,TRUE,partial
2026,3,13,0,C01668,bus,2.9,25.0,0.0,8.5,0,unknown,TRUE
2026,3,13,0,C01473,bus,2.9,25.0,0.0,8.5,0,unknown,partial
2026,3,13,0,C01035,bus,2.9,25.0,0.0,8.5,0,unknown,unknown
2026,3,13,0,C00009,bus,2.9,25.0,0.0,8.5,0,unknown,partial
2026,3,13,0,C01603,bus,2.9,25.0,0.0,8.5,0,TRUE,unknown
2026,3,13,0,C01589,bus,2.9,25.0,0.0,8.5,0,FALSE,FALSE
2026,3,13,0,C01755,bus,2.9,25.0,0.0,8.5,0,TRUE,partial
2026,3,13,0,C00832,bus,2.9,25.0,0.0,8.5,0,unknown,partial
2026,3,13,0,C01130,bus,2.9,25.0,0.0,8.5,0,TRUE,FALSE
2026,3,13,0,C01246,bus,2.9,25.0,0.0,8.5,0,TRUE,FALSE
2026,3,13,0,C01724,bus,2.9,25.0,0.0,8.5,0,unknown,unknown
2026,3,13,0,C01152,bus,2.9,25.0,0.0,8.5,0,TRUE,FALSE
2026,3,13,0,C01695,bus,2.9,25.0,0.0,8.5,0,TRUE,TRUE
2026,3,13,0,C01090,bus,2.9,25.0,0.0,8.5,0,TRUE,FALSE
2026,3,13,0,C01356,bus,2.9,25.0,0.0,8.5,0,TRUE,FALSE
2026,3,13,0,C00465,bus,2.9,25.0,0.0,8.5,0,unknown,FALSE
2026,3,13,0,C02401,bus,2.9,25.0,0.0,8.5,0,FALSE,TRUE
2026,3,13,0,C02425,bus,2.9,25.0,0.0,8.5,0,unknown,unknown
2026,3,13,0,C02459,bus,2.9,25.0,0.0,8.5,0,unknown,TRUE
2026,3,13,0,C02597,bus,2.9,25.0,0.0,8.5,0,unknown,unknown
2026,3,13,0,C02800,bus,2.9,25.0,0.0,8.5,0,unknown,unknown
2026,3,13,0,C02437,bus,2.9,25.0,0.0,8.5,0,TRUE,TRUE
2026,3,13,0,C00792,bus,2.9,25.0,0.0,8.5,0,unknown,partial
2026,3,13,0,C01436,bus,2.9,25.0,0.0,8.5,0,unknown,unknown
2026,3,13,0,C01788,bus,2.9,25.0,0.0,8.5,0,unknown,TRUE
2026,3,13,0,C01368,bus,2.9,25.0,0.0,8.5,0,TRUE,FALSE
2026,3,13,0,C00265,bus,2.9,25.0,0.0,8.5,0,FALSE,partial
2026,3,13,0,C01154,bus,2.9,25.0,0.0,8.5,0,TRUE,partial
2026,3,13,0,C01193,bus,2.9,25.0,0.0,8.5,0,TRUE,FALSE
2026,3,13,0,C02171,bus,2.9,25.0,0.0,8.5,0,unknown,partial
2026,3,13,0,C01199,bus,2.9,25.0,0.0,8.5,0,TRUE,partial
2026,3,13,0,C00699,bus,2.9,25.0,0.0,8.5,0,TRUE,FALSE
2026,3,13,0,C02240,bus,2.9,25.0,0.0,8.5,0,unknown,FALSE
2026,3,13,0,C02351,bus,2.9,25.0,0.0,8.5,0,unknown,TRUE
2026,3,13,0,C02404,bus,2.9,25.0,0.0,8.5,0,unknown,FALSE
2026,3,13,0,C02588,bus,2.9,25.0,0.0,8.5,0,unknown,partial
2026,3,13,0,C02685,bus,2.9,25.0,0.0,8.5,0,unknown,partial
2026,3,13,0,C02707,bus,2.9,25.0,0.0,8.5,0,unknown,partial
2026,3,13,0,C01415,bus,2.9,25.0,0.0,8.5,0,TRUE,FALSE
2026,3,13,0,C01323,bus,2.9,25.0,0.0,8.5,0,TRUE,FALSE
2026,3,13,0,C00436,bus,2.9,25.0,0.0,8.5,0,unknown,partial
2026,3,13,0,C01354,bus,2.9,25.0,0.0,8.5,0,TRUE,FALSE
2026,3,13,0,C01141,bus,2.9,25.0,0.0,8.5,0,TRUE,FALSE
2026,3,13,0,C01311,bus,2.9,25.0,0.0,8.5,0,TRUE,FALSE
2026,3,13,0,C00581,bus,2.9,25.0,0.0,8.5,0,TRUE,TRUE
2026,3,13,0,C01499,bus,2.9,25.0,0.0,8.5,0,unknown,unknown
2026,3,13,0,C02508,bus,2.9,25.0,0.0,8.5,0,unknown,partial
2026,3,13,0,C02561,bus,2.9,25.0,0.0,8.5,0,unknown,partial
2026,3,13,0,C00031,bus,2.9,25.0,0.0,8.5,0,FALSE,FALSE
2026,3,13,0,C00154,bus,2.9,25.0,0.0,8.5,0,TRUE,partial
2026,3,13,0,C01641,bus,2.9,25.0,0.0,8.5,0,FALSE,FALSE
2026,3,13,0,C01280,bus,2.9,25.0,0.0,8.5,0,TRUE,FALSE
2026,3,13,0,C00674,bus,2.9,25.0,0.0,8.5,0,unknown,unknown
2026,3,13,0,C01241,bus,2.9,25.0,0.0,8.5,0,TRUE,partial
2026,3,13,0,C01600,bus,2.9,25.0,0.0,8.5,0,TRUE,unknown
2026,3,13,0,C00411,bus,2.9,25.0,0.0,8.5,0,unknown,unknown
2026,3,13,0,C00459,bus,2.9,25.0,0.0,8.5,0,unknown,unknown
2026,3,13,0,C02078,bus,2.9,25.0,0.0,8.5,0,FALSE,TRUE
2026,3,13,0,C01251,bus,2.9,25.0,0.0,8.5,0,TRUE,FALSE
2026,3,13,0,C02428,bus,2.9,25.0,0.0,8.5,0,unknown,TRUE
2026,3,13,0,C02624,bus,2.9,25.0,0.0,8.5,0,unknown,partial
2026,3,13,0,C02632,bus,2.9,25.0,0.0,8.5,0,unknown,partial
2026,3,13,0,C02667,bus,2.9,25.0,0.0,8.5,0,unknown,unknown
2026,3,13,0,C01956,bus,2.9,25.0,0.0,8.5,0,TRUE,partial
2026,3,13,0,C00883,bus,2.9,25.0,0.0,8.5,0,TRUE,TRUE
2026,3,13,0,C01981,bus,2.9,25.0,0.0,8.5,0,FALSE,FALSE
2026,3,13,0,C00914,bus,2.9,25.0,0.0,8.5,0,unknown,partial
2026,3,13,0,C00971,bus,2.9,25.0,0.0,8.5,0,unknown,partial
2026,3,13,0,C01565,bus,2.9,25.0,0.0,8.5,0,TRUE,partial
2026,3,13,0,C01959,bus,2.9,25.0,0.0,8.5,0,FALSE,partial
2026,3,13,0,C00303,bus,2.9,25.0,0.0,8.5,0,TRUE,partial
2026,3,13,0,C00454,bus,2.9,25.0,0.0,8.5,0,unknown,partial
2026,3,13,0,C02087,bus,2.9,25.0,0.0,8.5,0,FALSE,partial
2026,3,13,0,C02234,bus,2.9,25.0,0.0,8.5,0,unknown,partial
2026,3,13,0,C00286,bus,2.9,25.0,0.0,8.5,0,unknown,partial
2026,3,13,0,C00626,bus,2.9,25.0,0.0,8.5,0,TRUE,partial
2026,3,13,0,C02465,bus,2.9,25.0,0.0,8.5,0,unknown,FALSE
2026,3,13,0,C02775,bus,2.9,25.0,0.0,8.5,0,unknown,partial
2026,3,13,0,C00113,bus,2.9,25.0,0.0,8.5,0,unknown,partial
2026,3,13,0,C01086,bus,2.9,25.0,0.0,8.5,0,TRUE,FALSE
2026,3,13,0,C00735,bus,2.9,25.0,0.0,8.5,0,unknown,unknown
2026,3,13,0,C01317,bus,2.9,25.0,0.0,8.5,0,TRUE,FALSE
2026,3,13,0,C00473,bus,2.9,25.0,0.0,8.5,0,TRUE,unknown
2026,3,13,0,C00960,bus,2.9,25.0,0.0,8.5,0,unknown,TRUE
2026,3,13,0,C02559,bus,2.9,25.0,0.0,8.5,0,unknown,partial
2026,3,13,0,C02811,bus,2.9,25.0,0.0,8.5,0,unknown,unknown
2026,3,13,0,C02738,bus,2.9,25.0,0.0,8.5,0,unknown,partial
2026,3,13,0,C01692,bus,2.9,25.0,0.0,8.5,0,FALSE,partial
2026,3,13,0,C00442,bus,2.9,25.0,0.0,8.5,0,TRUE,unknown
2026,3,13,0,C00141,bus,2.9,25.0,0.0,8.5,0,unknown,TRUE
2026,3,13,0,C01630,bus,2.9,25.0,0.0,8.5,0,TRUE,partial
2026,3,13,0,C00951,bus,2.9,25.0,0.0,8.5,0,unknown,TRUE
2026,3,13,0,C02229,bus,2.9,25.0,0.0,8.5,0,unknown,partial
2026,3,13,0,C01869,bus,2.9,25.0,0.0,8.5,0,unknown,partial
2026,3,13,0,C00066,bus,2.9,25.0,0.0,8.5,0,TRUE,unknown
2026,3,13,0,C02551,bus,2.9,25.0,0.0,8.5,0,unknown,partial
2026,3,13,0,C00670,bus,2.9,25.0,0.0,8.5,0,unknown,partial
2026,3,13,0,C01222,bus,2.9,25.0,0.0,8.5,0,TRUE,TRUE
2026,3,13,0,C00734,bus,2.9,25.0,0.0,8.5,0,unknown,unknown
2026,3,13,0,C01145,bus,2.9,25.0,0.0,8.5,0,TRUE,FALSE
2026,3,13,0,C02296,bus,2.9,25.0,0.0,8.5,0,unknown,partial
2026,3,13,0,C01676,bus,2.9,25.0,0.0,8.5,0,TRUE,partial
2026,3,13,0,C00462,bus,2.9,25.0,0.0,8.5,0,unknown,partial
2026,3,13,0,C01681,bus,2.9,25.0,0.0,8.5,0,TRUE,partial
2026,3,13,0,C02511,bus,2.9,25.0,0.0,8.5,0,unknown,unknown
2026,3,13,0,C01183,bus,2.9,25.0,0.0,8.5,0,TRUE,TRUE
2026,3,13,0,C02661,bus,2.9,25.0,0.0,8.5,0,unknown,partial
2026,3,13,0,C02273,bus,2.9,25.0,0.0,8.5,0,unknown,partial
2026,3,13,0,C00913,bus,2.9,25.0,0.0,8.5,0,unknown,TRUE
2026,3,13,0,C02249,bus,2.9,25.0,0.0,8.5,0,unknown,partial
2026,3,13,0,C01360,bus,2.9,25.0,0.0,8.5,0,unknown,TRUE
2026,3,13,0,C00688,bus,2.9,25.0,0.0,8.5,0,FALSE,partial
2026,3,13,0,C00876,bus,2.9,25.0,0.0,8.5,0,unknown,TRUE
2026,3,13,0,C01823,bus,2.9,25.0,0.0,8.5,0,unknown,partial
2026,3,13,0,C00288,bus,2.9,25.0,0.0,8.5,0,unknown,unknown
2026,3,13,0,C00539,bus,2.9,25.0,0.0,8.5,0,unknown,TRUE
2026,3,13,0,C00944,bus,2.9,25.0,0.0,8.5,0,unknown,TRUE
2026,3,13,0,C00106,bus,2.9,25.0,0.0,8.5,0,unknown,partial
2026,3,13,0,C02196,bus,2.9,25.0,0.0,8.5,0,FALSE,TRUE
2026,3,13,0,C02071,bus,2.9,25.0,0.0,8.5,0,FALSE,TRUE
2026,3,13,0,C01279,bus,2.9,25.0,0.0,8.5,0,TRUE,FALSE
2026,3,13,0,C00553,bus,2.9,25.0,0.0,8.5,0,unknown,TRUE
2026,3,13,0,C02566,bus,2.9,25.0,0.0,8.5,0,TRUE,partial
2026,3,13,0,C01034,bus,2.9,25.0,0.0,8.5,0,unknown,unknown
2026,3,13,0,C00621,bus,2.9,25.0,0.0,8.5,0,unknown,partial
2026,3,13,0,C02236,bus,2.9,25.0,0.0,8.5,0,unknown,partial
2026,3,13,0,C01292,bus,2.9,25.0,0.0,8.5,0,TRUE,FALSE
2026,3,13,0,C00232,bus,2.9,25.0,0.0,8.5,0,unknown,partial
2026,3,13,0,C01584,bus,2.9,25.0,0.0,8.5,0,FALSE,partial
2026,3,13,0,C01353,bus,2.9,25.0,0.0,8.5,0,TRUE,FALSE
2026,3,13,0,C00312,bus,2.9,25.0,0.0,8.5,0,TRUE,partial
2026,3,13,0,C00753,bus,2.9,25.0,0.0,8.5,0,FALSE,partial
2026,3,13,0,C00400,bus,2.9,25.0,0.0,8.5,0,unknown,partial
2026,3,13,0,C01331,bus,2.9,25.0,0.0,8.5,0,unknown,FALSE
2026,3,13,0,C02070,bus,2.9,25.0,0.0,8.5,0,FALSE,TRUE
2026,3,13,0,C00246,bus,2.9,25.0,0.0,8.5,0,unknown,partial
2026,3,13,0,C02056,bus,2.9,25.0,0.0,8.5,0,FALSE,unknown
2026,3,13,0,C02544,bus,2.9,25.0,0.0,8.5,0,unknown,partial
2026,3,13,0,C00824,bus,2.9,25.0,0.0,8.5,0,FALSE,partial
2026,3,13,0,C02524,bus,2.9,25.0,0.0,8.5,0,unknown,partial
2026,3,13,0,C01275,bus,2.9,25.0,0.0,8.5,0,TRUE,TRUE
2026,3,13,0,C02452,bus,2.9,25.0,0.0,8.5,0,unknown,partial
2026,3,13,0,C00220,bus,2.9,25.0,0.0,8.5,0,FALSE,partial
2026,3,13,0,C00728,bus,2.9,25.0,0.0,8.5,0,unknown,unknown
2026,3,13,0,C00623,bus,2.9,25.0,0.0,8.5,0,unknown,partial
2026,3,13,0,C00402,bus,2.9,25.0,0.0,8.5,0,unknown,FALSE
2026,3,13,0,C01812,bus,2.9,25.0,0.0,8.5,0,FALSE,partial
2026,3,13,0,C01691,bus,2.9,25.0,0.0,8.5,0,FALSE,partial
2026,3,13,0,C00664,bus,2.9,25.0,0.0,8.5,0,TRUE,partial
2026,3,13,0,C02244,bus,2.9,25.0,0.0,8.5,0,TRUE,TRUE
2026,3,13,0,C00064,bus,2.9,25.0,0.0,8.5,0,unknown,FALSE
2026,3,13,0,C00945,bus,2.9,25.0,0.0,8.5,0,unknown,partial
2026,3,13,0,C01635,bus,2.9,25.0,0.0,8.5,0,FALSE,unknown
2026,3,13,0,C01370,bus,2.9,25.0,0.0,8.5,0,TRUE,FALSE
2026,3,13,0,C01195,bus,2.9,25.0,0.0,8.5,0,TRUE,partial
2026,3,13,0,C01210,bus,2.9,25.0,0.0,8.5,0,TRUE,FALSE
2026,3,13,0,C00292,bus,2.9,25.0,0.0,8.5,0,TRUE,partial
2026,3,13,0,C01763,bus,2.9,25.0,0.0,8.5,0,FALSE,partial
2026,3,13,0,C02089,bus,2.9,25.0,0.0,8.5,0,FALSE,partial
2026,3,13,0,C01117,bus,2.9,25.0,0.0,8.5,0,TRUE,partial
2026,3,13,0,C00309,bus,2.9,25.0,0.0,8.5,0,TRUE,partial
2026,3,13,0,C00985,bus,2.9,25.0,0.0,8.5,0,unknown,partial
2026,3,13,0,C02393,bus,2.9,25.0,0.0,8.5,0,unknown,partial
2026,3,13,0,C02489,bus,2.9,25.0,0.0,8.5,0,unknown,partial
2026,3,13,0,C02600,bus,2.9,25.0,0.0,8.5,0,unknown,partial
2026,3,13,0,C02682,bus,2.9,25.0,0.0,8.5,0,unknown,TRUE
2026,3,13,0,C02821,bus,2.9,25.0,0.0,8.5,0,unknown,partial
2026,3,13,0,C01015,bus,2.9,25.0,0.0,8.5,0,unknown,partial
2026,3,13,0,C01636,bus,2.9,25.0,0.0,8.5,0,FALSE,partial
2026,3,13,0,C02108,bus,2.9,25.0,0.0,8.5,0,FALSE,partial
2026,3,13,0,C01492,bus,2.9,25.0,0.0,8.5,0,FALSE,partial
2026,3,13,0,C01579,bus,2.9,25.0,0.0,8.5,0,TRUE,partial
2026,3,13,0,C00934,bus,2.9,25.0,0.0,8.5,0,FALSE,TRUE
2026,3,13,0,C01805,bus,2.9,25.0,0.0,8.5,0,TRUE,partial
2026,3,13,0,C01271,bus,2.9,25.0,0.0,8.5,0,TRUE,TRUE
2026,3,13,0,C02185,bus,2.9,25.0,0.0,8.5,0,FALSE,partial
2026,3,13,0,C01361,bus,2.9,25.0,0.0,8.5,0,TRUE,FALSE
2026,3,13,0,C00019,bus,2.9,25.0,0.0,8.5,0,unknown,partial
2026,3,13,0,C00079,bus,2.9,25.0,0.0,8.5,0,FALSE,unknown
2026,3,13,0,C01568,bus,2.9,25.0,0.0,8.5,0,unknown,partial
2026,3,13,0,C00164,bus,2.9,25.0,0.0,8.5,0,unknown,FALSE
2026,3,13,0,C00156,bus,2.9,25.0,0.0,8.5,0,FALSE,partial
2026,3,13,0,C01587,bus,2.9,25.0,0.0,8.5,0,FALSE,partial
2026,3,13,0,C02073,bus,2.9,25.0,0.0,8.5,0,FALSE,TRUE
2026,3,13,0,C01324,bus,2.9,25.0,0.0,8.5,0,TRUE,FALSE
2026,3,13,0,C00765,bus,2.9,25.0,0.0,8.5,0,FALSE,TRUE
2026,3,13,0,C01231,bus,2.9,25.0,0.0,8.5,0,TRUE,FALSE
2026,3,13,0,C01468,bus,2.9,25.0,0.0,8.5,0,FALSE,unknown
2026,3,13,0,C01690,bus,2.9,25.0,0.0,8.5,0,FALSE,partial
2026,3,13,0,C00446,bus,2.9,25.0,0.0,8.5,0,unknown,FALSE
2026,3,13,0,C01174,bus,2.9,25.0,0.0,8.5,0,TRUE,partial
2026,3,13,0,C00489,bus,2.9,25.0,0.0,8.5,0,unknown,FALSE
2026,3,13,0,C00298,bus,2.9,25.0,0.0,8.5,0,TRUE,partial
2026,3,13,0,C01299,bus,2.9,25.0,0.0,8.5,0,TRUE,FALSE
2026,3,13,0,C00458,bus,2.9,25.0,0.0,8.5,0,TRUE,unknown
2026,3,13,0,C02257,bus,2.9,25.0,0.0,8.5,0,unknown,unknown
2026,3,13,0,C02264,bus,2.9,25.0,0.0,8.5,0,FALSE,partial
2026,3,13,0,C01903,bus,2.9,25.0,0.0,8.5,0,FALSE,unknown
2026,3,13,0,C02431,bus,2.9,25.0,0.0,8.5,0,unknown,partial
2026,3,13,0,C02563,bus,2.9,25.0,0.0,8.5,0,unknown,partial
2026,3,13,0,C02608,bus,2.9,25.0,0.0,8.5,0,unknown,partial
2026,3,13,0,C02694,bus,2.9,25.0,0.0,8.5,0,unknown,partial
2026,3,13,0,C01446,bus,2.9,25.0,0.0,8.5,0,FALSE,partial
2026,3,13,0,C00685,bus,2.9,25.0,0.0,8.5,0,TRUE,partial
2026,3,13,0,C01990,bus,2.9,25.0,0.0,8.5,0,FALSE,FALSE
2026,3,13,0,C01843,tram,2.9,25.0,0.0,8.5,0,TRUE,TRUE
2026,3,13,0,C01633,bus,2.9,25.0,0.0,8.5,0,unknown,partial
2026,3,13,0,C01532,bus,2.9,25.0,0.0,8.5,0,TRUE,partial
2026,3,13,0,C01263,bus,2.9,25.0,0.0,8.5,0,TRUE,TRUE
2026,3,13,0,C00761,bus,2.9,25.0,0.0,8.5,0,unknown,unknown
2026,3,13,0,C01150,bus,2.9,25.0,0.0,8.5,0,TRUE,partial
2026,3,13,0,C00846,bus,2.9,25.0,0.0,8.5,0,FALSE,FALSE
2026,3,13,0,C00783,bus,2.9,25.0,0.0,8.5,0,TRUE,TRUE
2026,3,13,0,C00525,bus,2.9,25.0,0.0,8.5,0,FALSE,partial
2026,3,13,0,C02162,bus,2.9,25.0,0.0,8.5,0,unknown,unknown
2026,3,13,0,C02112,bus,2.9,25.0,0.0,8.5,0,FALSE,TRUE
2026,3,13,0,C00039,bus,2.9,25.0,0.0,8.5,0,unknown,partial
2026,3,13,0,C02248,bus,2.9,25.0,0.0,8.5,0,unknown,unknown
2026,3,13,0,C01336,bus,2.9,25.0,0.0,8.5,0,TRUE,FALSE
2026,3,13,0,C02281,bus,2.9,25.0,0.0,8.5,0,unknown,partial
2026,3,13,0,C02568,bus,2.9,25.0,0.0,8.5,0,unknown,partial
2026,3,13,0,C02622,bus,2.9,25.0,0.0,8.5,0,unknown,unknown
2026,3,13,0,C01541,bus,2.9,25.0,0.0,8.5,0,TRUE,partial
2026,3,13,0,C01138,bus,2.9,25.0,0.0,8.5,0,TRUE,FALSE
2026,3,13,0,C01662,bus,2.9,25.0,0.0,8.5,0,unknown,partial
2026,3,13,0,C00311,bus,2.9,25.0,0.0,8.5,0,FALSE,partial
2026,3,13,0,C00789,bus,2.9,25.0,0.0,8.5,0,unknown,partial
2026,3,13,0,C00281,bus,2.9,25.0,0.0,8.5,0,unknown,partial
2026,3,13,0,C00477,bus,2.9,25.0,0.0,8.5,0,unknown,unknown
2026,3,13,0,C02688,bus,2.9,25.0,0.0,8.5,0,unknown,partial
2026,3,13,0,C01443,bus,2.9,25.0,0.0,8.5,0,unknown,unknown
2026,3,13,0,C01577,bus,2.9,25.0,0.0,8.5,0,FALSE,FALSE
2026,3,13,0,C01703,bus,2.9,25.0,0.0,8.5,0,unknown,TRUE
2026,3,13,0,C00625,bus,2.9,25.0,0.0,8.5,0,unknown,partial
2026,3,13,0,C01807,bus,2.9,25.0,0.0,8.5,0,FALSE,FALSE
2026,3,13,0,C01950,bus,2.9,25.0,0.0,8.5,0,FALSE,partial
2026,3,13,0,C01153,bus,2.9,25.0,0.0,8.5,0,TRUE,FALSE
2026,3,13,0,C00026,bus,2.9,25.0,0.0,8.5,0,unknown,partial
2026,3,13,0,C00796,bus,2.9,25.0,0.0,8.5,0,unknown,partial
2026,3,13,0,C00643,bus,2.9,25.0,0.0,8.5,0,unknown,partial
2026,3,13,0,C00908,bus,2.9,25.0,0.0,8.5,0,unknown,partial
2026,3,13,0,C01077,bus,2.9,25.0,0.0,8.5,0,TRUE,FALSE
2026,3,13,0,C01830,bus,2.9,25.0,0.0,8.5,0,FALSE,unknown
2026,3,13,0,C00021,bus,2.9,25.0,0.0,8.5,0,FALSE,partial
2026,3,13,0,C00048,bus,2.9,25.0,0.0,8.5,0,TRUE,partial
2026,3,13,0,C02665,bus,2.9,25.0,0.0,8.5,0,unknown,unknown
2026,3,13,0,C01851,bus,2.9,25.0,0.0,8.5,0,FALSE,unknown
2026,3,13,0,C02280,bus,2.9,25.0,0.0,8.5,0,unknown,partial
2026,3,13,0,C02062,bus,2.9,25.0,0.0,8.5,0,FALSE,partial
2026,3,13,0,C01063,bus,2.9,25.0,0.0,8.5,0,unknown,TRUE
2026,3,13,0,C02252,bus,2.9,25.0,0.0,8.5,0,unknown,partial
2026,3,13,0,C01558,bus,2.9,25.0,0.0,8.5,0,unknown,TRUE
2026,3,13,0,C01764,bus,2.9,25.0,0.0,8.5,0,FALSE,partial
2026,3,13,0,C00875,bus,2.9,25.0,0.0,8.5,0,TRUE,TRUE
2026,3,13,0,C00084,bus,2.9,25.0,0.0,8.5,0,TRUE,TRUE
2026,3,13,0,C01107,bus,2.9,25.0,0.0,8.5,0,TRUE,FALSE
2026,3,13,0,C01133,bus,2.9,25.0,0.0,8.5,0,TRUE,TRUE
2026,3,13,0,C00744,bus,2.9,25.0,0.0,8.5,0,unknown,unknown
2026,3,13,0,C01427,bus,2.9,25.0,0.0,8.5,0,FALSE,FALSE
2026,3,13,0,C02030,bus,2.9,25.0,0.0,8.5,0,FALSE,partial
2026,3,13,0,C01234,bus,2.9,25.0,0.0,8.5,0,TRUE,TRUE
2026,3,13,0,C02774,bus,2.9,25.0,0.0,8.5,0,unknown,partial
2026,3,13,0,C00157,bus,2.9,25.0,0.0,8.5,0,unknown,partial
2026,3,13,0,C00140,bus,2.9,25.0,0.0,8.5,0,unknown,TRUE
2026,3,13,0,C00366,bus,2.9,25.0,0.0,8.5,0,unknown,partial
2026,3,13,0,C00597,bus,2.9,25.0,0.0,8.5,0,unknown,TRUE
2026,3,13,0,C01581,bus,2.9,25.0,0.0,8.5,0,FALSE,FALSE
2026,3,13,0,C01660,bus,2.9,25.0,0.0,8.5,0,unknown,partial
2026,3,13,0,C00262,bus,2.9,25.0,0.0,8.5,0,unknown,partial
2026,3,13,0,C00034,bus,2.9,25.0,0.0,8.5,0,FALSE,FALSE
2026,3,13,0,C00801,bus,2.9,25.0,0.0,8.5,0,unknown,partial
2026,3,13,0,C02224,bus,2.9,25.0,0.0,8.5,0,unknown,unknown
2026,3,13,0,C02518,bus,2.9,25.0,0.0,8.5,0,unknown,partial
2026,3,13,0,C02542,bus,2.9,25.0,0.0,8.5,0,unknown,partial
2026,3,13,0,C02556,bus,2.9,25.0,0.0,8.5,0,unknown,partial
2026,3,13,0,C02580,bus,2.9,25.0,0.0,8.5,0,unknown,unknown
2026,3,13,0,C02703,bus,2.9,25.0,0.0,8.5,0,unknown,partial
2026,3,13,0,C01088,bus,2.9,25.0,0.0,8.5,0,TRUE,partial
2026,3,13,0,C01092,bus,2.9,25.0,0.0,8.5,0,TRUE,partial
2026,3,13,0,C00115,bus,2.9,25.0,0.0,8.5,0,unknown,partial
2026,3,13,0,C02156,bus,2.9,25.0,0.0,8.5,0,FALSE,partial
2026,3,13,0,C01548,bus,2.9,25.0,0.0,8.5,0,FALSE,FALSE
2026,3,13,0,C00547,bus,2.9,25.0,0.0,8.5,0,TRUE,TRUE
2026,3,13,0,C02432,bus,2.9,25.0,0.0,8.5,0,unknown,unknown
2026,3,13,0,C02798,bus,2.9,25.0,0.0,8.5,0,unknown,unknown
2026,3,13,0,C01149,bus,2.9,25.0,0.0,8.5,0,unknown,FALSE
2026,3,13,0,C01766,bus,2.9,25.0,0.0,8.5,0,FALSE,unknown
2026,3,13,0,C00355,bus,2.9,25.0,0.0,8.5,0,unknown,partial
2026,3,13,0,C02152,bus,2.9,25.0,0.0,8.5,0,FALSE,partial
2026,3,13,0,C01493,bus,2.9,25.0,0.0,8.5,0,FALSE,TRUE
2026,3,13,0,C01686,bus,2.9,25.0,0.0,8.5,0,unknown,unknown
2026,3,13,0,C01217,bus,2.9,25.0,0.0,8.5,0,TRUE,TRUE
2026,3,13,0,C01345,bus,2.9,25.0,0.0,8.5,0,TRUE,FALSE
2026,3,13,0,C00004,bus,2.9,25.0,0.0,8.5,0,TRUE,partial
2026,3,13,0,C00768,bus,2.9,25.0,0.0,8.5,0,FALSE,TRUE
2026,3,13,0,C02529,tram,2.9,25.0,0.0,8.5,0,TRUE,TRUE
2026,3,13,0,C01644,bus,2.9,25.0,0.0,8.5,0,TRUE,partial
2026,3,13,0,C01053,bus,2.9,25.0,0.0,8.5,0,FALSE,partial
2026,3,13,0,C00982,bus,2.9,25.0,0.0,8.5,0,unknown,partial
2026,3,13,0,C00248,bus,2.9,25.0,0.0,8.5,0,unknown,partial
2026,3,13,0,C00451,bus,2.9,25.0,0.0,8.5,0,TRUE,unknown
2026,3,13,0,C01096,bus,2.9,25.0,0.0,8.5,0,TRUE,FALSE
2026,3,13,0,C02245,bus,2.9,25.0,0.0,8.5,0,TRUE,partial
2026,3,13,0,C02436,bus,2.9,25.0,0.0,8.5,0,unknown,unknown
2026,3,13,0,C02554,bus,2.9,25.0,0.0,8.5,0,unknown,partial
2026,3,13,0,C02220,bus,2.9,25.0,0.0,8.5,0,unknown,partial
2026,3,13,0,C01233,bus,2.9,25.0,0.0,8.5,0,TRUE,FALSE
2026,3,13,0,C02295,bus,2.9,25.0,0.0,8.5,0,unknown,unknown
2026,3,13,0,C00867,bus,2.9,25.0,0.0,8.5,0,FALSE,FALSE
2026,3,13,0,C01480,bus,2.9,25.0,0.0,8.5,0,TRUE,partial
2026,3,13,0,C02225,bus,2.9,25.0,0.0,8.5,0,unknown,TRUE
2026,3,13,0,C01314,bus,2.9,25.0,0.0,8.5,0,TRUE,FALSE
2026,3,13,0,C00837,bus,2.9,25.0,0.0,8.5,0,FALSE,FALSE
2026,3,13,0,C00545,bus,2.9,25.0,0.0,8.5,0,TRUE,partial
2026,3,13,0,C01419,bus,2.9,25.0,0.0,8.5,0,unknown,FALSE
2026,3,13,0,C02772,bus,2.9,25.0,0.0,8.5,0,unknown,partial
2026,3,13,0,C02274,bus,2.9,25.0,0.0,8.5,0,unknown,partial
2026,3,13,0,C02145,bus,2.9,25.0,0.0,8.5,0,FALSE,partial
2026,3,13,0,C00940,bus,2.9,25.0,0.0,8.5,0,FALSE,partial
2026,3,13,0,C00902,bus,2.9,25.0,0.0,8.5,0,unknown,partial
2026,3,13,0,C00764,bus,2.9,25.0,0.0,8.5,0,TRUE,TRUE
2026,3,13,0,C01165,bus,2.9,25.0,0.0,8.5,0,TRUE,TRUE
2026,3,13,0,C02069,bus,2.9,25.0,0.0,8.5,0,FALSE,TRUE
2026,3,13,0,C00120,bus,2.9,25.0,0.0,8.5,0,unknown,unknown
2026,3,13,0,C01447,bus,2.9,25.0,0.0,8.5,0,FALSE,partial
2026,3,13,0,C01709,bus,2.9,25.0,0.0,8.5,0,TRUE,unknown
2026,3,13,0,C00538,bus,2.9,25.0,0.0,8.5,0,unknown,TRUE
2026,3,13,0,C02468,bus,2.9,25.0,0.0,8.5,0,unknown,TRUE
2026,3,13,0,C02662,bus,2.9,25.0,0.0,8.5,0,unknown,TRUE
2026,3,13,0,C02671,bus,2.9,25.0,0.0,8.5,0,unknown,partial
2026,3,13,0,C01526,bus,2.9,25.0,0.0,8.5,0,FALSE,TRUE
2026,3,13,0,C00330,bus,2.9,25.0,0.0,8.5,0,TRUE,partial
2026,3,13,0,C01143,bus,2.9,25.0,0.0,8.5,0,TRUE,FALSE
2026,3,13,0,C02098,bus,2.9,25.0,0.0,8.5,0,FALSE,TRUE
2026,3,13,0,C01846,bus,2.9,25.0,0.0,8.5,0,FALSE,unknown
2026,3,13,0,C00791,bus,2.9,25.0,0.0,8.5,0,unknown,partial
2026,3,13,0,C00669,bus,2.9,25.0,0.0,8.5,0,FALSE,partial
2026,3,13,0,C00741,bus,2.9,25.0,0.0,8.5,0,unknown,unknown
2026,3,13,0,C02161,bus,2.9,25.0,0.0,8.5,0,unknown,unknown
2026,3,13,0,C00337,bus,2.9,25.0,0.0,8.5,0,TRUE,partial
2026,3,13,0,C02094,bus,2.9,25.0,0.0,8.5,0,FALSE,TRUE
2026,3,13,0,C00507,bus,2.9,25.0,0.0,8.5,0,FALSE,FALSE
2026,3,13,0,C02311,bus,2.9,25.0,0.0,8.5,0,FALSE,partial
2026,3,13,0,C02699,bus,2.9,25.0,0.0,8.5,0,unknown,partial
2026,3,13,0,C01310,bus,2.9,25.0,0.0,8.5,0,unknown,partial
2026,3,13,0,C01078,bus,2.9,25.0,0.0,8.5,0,TRUE,partial
2026,3,13,0,C00460,bus,2.9,25.0,0.0,8.5,0,TRUE,unknown
2026,3,13,0,C00976,bus,2.9,25.0,0.0,8.5,0,unknown,partial
2026,3,13,0,C01827,bus,2.9,25.0,0.0,8.5,0,FALSE,unknown
2026,3,13,0,C00012,bus,2.9,25.0,0.0,8.5,0,FALSE,partial
2026,3,13,0,C00885,bus,2.9,25.0,0.0,8.5,0,TRUE,TRUE
2026,3,13,0,C00912,bus,2.9,25.0,0.0,8.5,0,unknown,partial
2026,3,13,0,C01806,bus,2.9,25.0,0.0,8.5,0,TRUE,FALSE
2026,3,13,0,C02562,bus,2.9,25.0,0.0,8.5,0,unknown,partial
2026,3,13,0,C01390,tram,2.9,25.0,0.0,8.5,0,TRUE,TRUE
2026,3,13,0,C01507,bus,2.9,25.0,0.0,8.5,0,unknown,unknown
2026,3,13,0,C00661,bus,2.9,25.0,0.0,8.5,0,FALSE,partial
2026,3,13,0,C02129,bus,2.9,25.0,0.0,8.5,0,FALSE,FALSE
2026,3,13,0,C01326,bus,2.9,25.0,0.0,8.5,0,TRUE,FALSE
2026,3,13,0,C01549,bus,2.9,25.0,0.0,8.5,0,FALSE,partial
2026,3,13,0,C01563,bus,2.9,25.0,0.0,8.5,0,FALSE,partial
2026,3,13,0,C01957,bus,2.9,25.0,0.0,8.5,0,FALSE,FALSE
2026,3,13,0,C00247,bus,2.9,25.0,0.0,8.5,0,unknown,partial
2026,3,13,0,C00882,bus,2.9,25.0,0.0,8.5,0,TRUE,TRUE
2026,3,13,0,C01306,bus,2.9,25.0,0.0,8.5,0,TRUE,FALSE
2026,3,13,0,C01872,bus,2.9,25.0,0.0,8.5,0,TRUE,FALSE
2026,3,13,0,C00666,bus,2.9,25.0,0.0,8.5,0,TRUE,partial
2026,3,13,0,C01235,bus,2.9,25.0,0.0,8.5,0,TRUE,FALSE
2026,3,13,0,C00659,bus,2.9,25.0,0.0,8.5,0,unknown,partial
2026,3,13,0,C00927,bus,2.9,25.0,0.0,8.5,0,unknown,partial
2026,3,13,0,C00693,bus,2.9,25.0,0.0,8.5,0,TRUE,partial
2026,3,13,0,C00386,bus,2.9,25.0,0.0,8.5,0,unknown,partial
2026,3,13,0,C00762,bus,2.9,25.0,0.0,8.5,0,FALSE,TRUE
2026,3,13,0,C00114,bus,2.9,25.0,0.0,8.5,0,unknown,partial
2026,3,13,0,C02297,bus,2.9,25.0,0.0,8.5,0,unknown,partial
2026,3,13,0,C02396,bus,2.9,25.0,0.0,8.5,0,unknown,unknown
2026,3,13,0,C02810,bus,2.9,25.0,0.0,8.5,0,unknown,unknown
2026,3,13,0,C02813,bus,2.9,25.0,0.0,8.5,0,unknown,unknown
2026,3,13,0,C02823,bus,2.9,25.0,0.0,8.5,0,unknown,unknown
2026,3,13,0,C01627,bus,2.9,25.0,0.0,8.5,0,TRUE,partial
2026,3,13,0,C02024,bus,2.9,25.0,0.0,8.5,0,unknown,partial
2026,3,13,0,C01552,bus,2.9,25.0,0.0,8.5,0,unknown,TRUE
2026,3,13,0,C00541,bus,2.9,25.0,0.0,8.5,0,unknown,TRUE
2026,3,13,0,C02397,bus,2.9,25.0,0.0,8.5,0,unknown,partial
2026,3,13,0,C02555,bus,2.9,25.0,0.0,8.5,0,unknown,partial
2026,3,13,0,C02596,bus,2.9,25.0,0.0,8.5,0,unknown,partial
2026,3,13,0,C02715,bus,2.9,25.0,0.0,8.5,0,unknown,unknown
2026,3,13,0,C01266,bus,2.9,25.0,0.0,8.5,0,TRUE,FALSE
2026,3,13,0,C00158,bus,2.9,25.0,0.0,8.5,0,TRUE,partial
2026,3,13,0,C01213,bus,2.9,25.0,0.0,8.5,0,TRUE,TRUE
2026,3,13,0,C01214,bus,2.9,25.0,0.0,8.5,0,TRUE,FALSE
2026,3,13,0,C01982,bus,2.9,25.0,0.0,8.5,0,FALSE,FALSE
2026,3,13,0,C00363,bus,2.9,25.0,0.0,8.5,0,unknown,partial
2026,3,13,0,C02122,bus,2.9,25.0,0.0,8.5,0,FALSE,partial
2026,3,13,0,C01949,bus,2.9,25.0,0.0,8.5,0,TRUE,unknown
2026,3,13,0,C02015,bus,2.9,25.0,0.0,8.5,0,FALSE,partial
2026,3,13,0,C01273,bus,2.9,25.0,0.0,8.5,0,TRUE,TRUE
2026,3,13,0,C02201,bus,2.9,25.0,0.0,8.5,0,FALSE,unknown
2026,3,13,0,C00145,bus,2.9,25.0,0.0,8.5,0,TRUE,partial
2026,3,13,0,C00153,bus,2.9,25.0,0.0,8.5,0,unknown,partial
2026,3,13,0,C00668,bus,2.9,25.0,0.0,8.5,0,FALSE,partial
2026,3,13,0,C00822,bus,2.9,25.0,0.0,8.5,0,FALSE,partial
2026,3,13,0,C00814,bus,2.9,25.0,0.0,8.5,0,unknown,partial
2026,3,13,0,C00520,bus,2.9,25.0,0.0,8.5,0,unknown,unknown
2026,3,13,0,C00865,bus,2.9,25.0,0.0,8.5,0,TRUE,FALSE
2026,3,13,0,C01654,bus,2.9,25.0,0.0,8.5,0,FALSE,unknown
2026,3,13,0,C00382,bus,2.9,25.0,0.0,8.5,0,unknown,partial
2026,3,13,0,C02499,bus,2.9,25.0,0.0,8.5,0,unknown,unknown
2026,3,13,0,C02517,bus,2.9,25.0,0.0,8.5,0,unknown,unknown
2026,3,13,0,C02730,bus,2.9,25.0,0.0,8.5,0,unknown,partial
2026,3,13,0,C01401,bus,2.9,25.0,0.0,8.5,0,unknown,FALSE
2026,3,13,0,C00632,bus,2.9,25.0,0.0,8.5,0,TRUE,partial
2026,3,13,0,C00563,tram,2.9,25.0,0.0,8.5,0,TRUE,unknown
2026,3,13,0,C00325,bus,2.9,25.0,0.0,8.5,0,unknown,partial
2026,3,13,0,C01628,bus,2.9,25.0,0.0,8.5,0,TRUE,partial
2026,3,13,0,C00224,bus,2.9,25.0,0.0,8.5,0,FALSE,partial
2026,3,13,0,C01979,bus,2.9,25.0,0.0,8.5,0,unknown,unknown
2026,3,13,0,C01437,bus,2.9,25.0,0.0,8.5,0,unknown,unknown
2026,3,13,0,C00032,bus,2.9,25.0,0.0,8.5,0,FALSE,FALSE
2026,3,13,0,C01497,bus,2.9,25.0,0.0,8.5,0,TRUE,partial
2026,3,13,0,C01304,bus,2.9,25.0,0.0,8.5,0,TRUE,FALSE
2026,3,13,0,C01176,bus,2.9,25.0,0.0,8.5,0,TRUE,FALSE
2026,3,13,0,C01467,bus,2.9,25.0,0.0,8.5,0,FALSE,unknown
2026,3,13,0,C00788,bus,2.9,25.0,0.0,8.5,0,unknown,partial
2026,3,13,0,C00797,bus,2.9,25.0,0.0,8.5,0,FALSE,partial
2026,3,13,0,C00679,bus,2.9,25.0,0.0,8.5,0,unknown,partial
2026,3,13,0,C00864,bus,2.9,25.0,0.0,8.5,0,TRUE,FALSE
2026,3,13,0,C00591,bus,2.9,25.0,0.0,8.5,0,unknown,partial
2026,3,13,0,C02567,bus,2.9,25.0,0.0,8.5,0,unknown,partial
2026,3,13,0,C02627,bus,2.9,25.0,0.0,8.5,0,unknown,partial
2026,3,13,0,C02684,bus,2.9,25.0,0.0,8.5,0,unknown,partial
2026,3,13,0,C02799,bus,2.9,25.0,0.0,8.5,0,unknown,unknown
2026,3,13,0,C02807,bus,2.9,25.0,0.0,8.5,0,unknown,partial
2026,3,13,0,C01367,bus,2.9,25.0,0.0,8.5,0,TRUE,FALSE
2026,3,13,0,C01713,bus,2.9,25.0,0.0,8.5,0,unknown,partial
2026,3,13,0,C01457,bus,2.9,25.0,0.0,8.5,0,FALSE,unknown
2026,3,13,0,C02136,bus,2.9,25.0,0.0,8.5,0,FALSE,FALSE
2026,3,13,0,C00437,bus,2.9,25.0,0.0,8.5,0,TRUE,unknown
2026,3,13,0,C02226,bus,2.9,25.0,0.0,8.5,0,unknown,partial
2026,3,13,0,C01461,bus,2.9,25.0,0.0,8.5,0,FALSE,unknown
2026,3,13,0,C01810,bus,2.9,25.0,0.0,8.5,0,TRUE,TRUE
2026,3,13,0,C02255,bus,2.9,25.0,0.0,8.5,0,unknown,partial
2026,3,13,0,C02604,bus,2.9,25.0,0.0,8.5,0,unknown,partial
2026,3,13,0,C01416,bus,2.9,25.0,0.0,8.5,0,TRUE,FALSE
2026,3,13,0,C01961,bus,2.9,25.0,0.0,8.5,0,FALSE,partial
2026,3,13,0,C02293,bus,2.9,25.0,0.0,8.5,0,unknown,partial
2026,3,13,0,C00350,bus,2.9,25.0,0.0,8.5,0,unknown,FALSE
2026,3,13,0,C02132,bus,2.9,25.0,0.0,8.5,0,FALSE,FALSE
2026,3,13,0,C01451,bus,2.9,25.0,0.0,8.5,0,unknown,unknown
2026,3,13,0,C01658,bus,2.9,25.0,0.0,8.5,0,FALSE,unknown
2026,3,13,0,C01464,bus,2.9,25.0,0.0,8.5,0,unknown,unknown
2026,3,13,0,C00167,bus,2.9,25.0,0.0,8.5,0,FALSE,partial
2026,3,13,0,C01780,bus,2.9,25.0,0.0,8.5,0,TRUE,FALSE
2026,3,13,0,C00295,bus,2.9,25.0,0.0,8.5,0,TRUE,partial
2026,3,13,0,C00207,bus,2.9,25.0,0.0,8.5,0,FALSE,partial
2026,3,13,0,C01868,bus,2.9,25.0,0.0,8.5,0,unknown,partial
2026,3,13,0,C02460,bus,2.9,25.0,0.0,8.5,0,unknown,TRUE
2026,3,13,0,C02591,bus,2.9,25.0,0.0,8.5,0,unknown,partial
2026,3,13,0,C01820,bus,2.9,25.0,0.0,8.5,0,TRUE,partial
2026,3,13,0,C01785,bus,2.9,25.0,0.0,8.5,0,unknown,TRUE
2026,3,13,0,C01016,bus,2.9,25.0,0.0,8.5,0,unknown,partial
2026,3,13,0,C01002,bus,2.9,25.0,0.0,8.5,0,unknown,partial
2026,3,13,0,C01276,bus,2.9,25.0,0.0,8.5,0,TRUE,FALSE
2026,3,13,0,C01553,bus,2.9,25.0,0.0,8.5,0,unknown,TRUE
2026,3,13,0,C00217,bus,2.9,25.0,0.0,8.5,0,FALSE,partial
2026,3,13,0,C02202,bus,2.9,25.0,0.0,8.5,0,FALSE,partial
2026,3,13,0,C00692,bus,2.9,25.0,0.0,8.5,0,TRUE,partial
2026,3,13,0,C00243,bus,2.9,25.0,0.0,8.5,0,FALSE,partial
2026,3,13,0,C02040,bus,2.9,25.0,0.0,8.5,0,unknown,unknown
2026,3,13,0,C00703,bus,2.9,25.0,0.0,8.5,0,unknown,partial
2026,3,13,0,C00696,bus,2.9,25.0,0.0,8.5,0,TRUE,partial
2026,3,13,0,C00046,bus,2.9,25.0,0.0,8.5,0,TRUE,unknown
2026,3,13,0,C02522,bus,2.9,25.0,0.0,8.5,0,unknown,partial
2026,3,13,0,C02629,bus,2.9,25.0,0.0,8.5,0,unknown,partial
2026,3,13,0,C00263,bus,2.9,25.0,0.0,8.5,0,FALSE,TRUE
2026,3,13,0,C00264,bus,2.9,25.0,0.0,8.5,0,unknown,partial
2026,3,13,0,C01867,bus,2.9,25.0,0.0,8.5,0,TRUE,partial
2026,3,13,0,C00790,bus,2.9,25.0,0.0,8.5,0,unknown,partial
2026,3,13,0,C00751,bus,2.9,25.0,0.0,8.5,0,unknown,unknown
2026,3,13,0,C00254,bus,2.9,25.0,0.0,8.5,0,unknown,partial
2026,3,13,0,C00920,bus,2.9,25.0,0.0,8.5,0,unknown,TRUE
2026,3,13,0,C00181,bus,2.9,25.0,0.0,8.5,0,unknown,FALSE
2026,3,13,0,C02076,bus,2.9,25.0,0.0,8.5,0,FALSE,partial
2026,3,13,0,C00467,bus,2.9,25.0,0.0,8.5,0,unknown,unknown
2026,3,13,0,C01188,bus,2.9,25.0,0.0,8.5,0,TRUE,partial
2026,3,13,0,C01718,bus,2.9,25.0,0.0,8.5,0,FALSE,FALSE
2026,3,13,0,C00738,bus,2.9,25.0,0.0,8.5,0,unknown,unknown
2026,3,13,0,C01426,bus,2.9,25.0,0.0,8.5,0,FALSE,FALSE
2026,3,13,0,C00447,bus,2.9,25.0,0.0,8.5,0,TRUE,unknown
2026,3,13,0,C00551,bus,2.9,25.0,0.0,8.5,0,unknown,partial
2026,3,13,0,C01146,bus,2.9,25.0,0.0,8.5,0,TRUE,FALSE
2026,3,13,0,C01871,bus,2.9,25.0,0.0,8.5,0,unknown,TRUE
2026,3,13,0,C00709,bus,2.9,25.0,0.0,8.5,0,unknown,TRUE
2026,3,13,0,C02713,bus,2.9,25.0,0.0,8.5,0,unknown,TRUE
2026,3,13,0,C00184,bus,2.9,25.0,0.0,8.5,0,FALSE,FALSE
2026,3,13,0,C00834,bus,2.9,25.0,0.0,8.5,0,unknown,partial
2026,3,13,0,C01164,bus,2.9,25.0,0.0,8.5,0,TRUE,FALSE
2026,3,13,0,C01080,bus,2.9,25.0,0.0,8.5,0,TRUE,FALSE
2026,3,13,0,C01410,bus,2.9,25.0,0.0,8.5,0,TRUE,FALSE
2026,3,13,0,C01798,bus,2.9,25.0,0.0,8.5,0,unknown,unknown
2026,3,13,0,C01245,bus,2.9,25.0,0.0,8.5,0,TRUE,FALSE
2026,3,13,0,C00230,bus,2.9,25.0,0.0,8.5,0,unknown,partial
2026,3,13,0,C01161,bus,2.9,25.0,0.0,8.5,0,TRUE,FALSE
2026,3,13,0,C02027,bus,2.9,25.0,0.0,8.5,0,TRUE,FALSE
2026,3,13,0,C01546,bus,2.9,25.0,0.0,8.5,0,FALSE,partial
2026,3,13,0,C00831,bus,2.9,25.0,0.0,8.5,0,FALSE,partial
2026,3,13,0,C00938,bus,2.9,25.0,0.0,8.5,0,unknown,partial
2026,3,13,0,C01062,bus,2.9,25.0,0.0,8.5,0,FALSE,TRUE
2026,3,13,0,C00302,bus,2.9,25.0,0.0,8.5,0,TRUE,FALSE
2026,3,13,0,C00754,bus,2.9,25.0,0.0,8.5,0,FALSE,partial
2026,3,13,0,C00880,bus,2.9,25.0,0.0,8.5,0,TRUE,TRUE
2026,3,13,0,C01148,bus,2.9,25.0,0.0,8.5,0,TRUE,TRUE
2026,3,13,0,C00730,bus,2.9,25.0,0.0,8.5,0,unknown,unknown
2026,3,13,0,C01651,bus,2.9,25.0,0.0,8.5,0,FALSE,unknown
2026,3,13,0,C02638,bus,2.9,25.0,0.0,8.5,0,unknown,FALSE
2026,3,13,0,C00803,bus,2.9,25.0,0.0,8.5,0,unknown,partial
2026,3,13,0,C02149,bus,2.9,25.0,0.0,8.5,0,FALSE,partial
2026,3,13,0,C00973,bus,2.9,25.0,0.0,8.5,0,unknown,partial
2026,3,13,0,C01008,bus,2.9,25.0,0.0,8.5,0,unknown,partial
2026,3,13,0,C01521,bus,2.9,25.0,0.0,8.5,0,unknown,partial
2026,3,13,0,C02768,bus,2.9,25.0,0.0,8.5,0,unknown,partial
2026,3,13,0,C01156,bus,2.9,25.0,0.0,8.5,0,TRUE,FALSE
2026,3,13,0,C01170,bus,2.9,25.0,0.0,8.5,0,TRUE,TRUE
2026,3,13,0,C02206,bus,2.9,25.0,0.0,8.5,0,unknown,TRUE
2026,3,13,0,C00003,bus,2.9,25.0,0.0,8.5,0,FALSE,partial
2026,3,13,0,C02491,bus,2.9,25.0,0.0,8.5,0,unknown,partial
2026,3,13,0,C02553,bus,2.9,25.0,0.0,8.5,0,unknown,partial
2026,3,13,0,C01574,bus,2.9,25.0,0.0,8.5,0,FALSE,FALSE
2026,3,13,0,C01756,bus,2.9,25.0,0.0,8.5,0,unknown,FALSE
2026,3,13,0,C02007,bus,2.9,25.0,0.0,8.5,0,TRUE,FALSE
2026,3,13,0,C02022,bus,2.9,25.0,0.0,8.5,0,unknown,partial
2026,3,13,0,C00955,bus,2.9,25.0,0.0,8.5,0,TRUE,partial
2026,3,13,0,C01540,bus,2.9,25.0,0.0,8.5,0,TRUE,partial
2026,3,13,0,C01490,bus,2.9,25.0,0.0,8.5,0,FALSE,unknown
2026,3,13,0,C01955,bus,2.9,25.0,0.0,8.5,0,FALSE,FALSE
2026,3,13,0,C00237,bus,2.9,25.0,0.0,8.5,0,FALSE,partial
2026,3,13,0,C02216,bus,2.9,25.0,0.0,8.5,0,unknown,TRUE
2026,3,13,0,C00954,bus,2.9,25.0,0.0,8.5,0,TRUE,partial
2026,3,13,0,C02696,bus,2.9,25.0,0.0,8.5,0,unknown,partial
2026,3,13,0,C00550,bus,2.9,25.0,0.0,8.5,0,unknown,partial
2026,3,13,0,C00182,bus,2.9,25.0,0.0,8.5,0,FALSE,FALSE
2026,3,13,0,C00772,bus,2.9,25.0,0.0,8.5,0,TRUE,TRUE
2026,3,13,0,C00367,bus,2.9,25.0,0.0,8.5,0,unknown,partial
2026,3,13,0,C01626,bus,2.9,25.0,0.0,8.5,0,TRUE,partial
2026,3,13,0,C02741,bus,2.9,25.0,0.0,8.5,0,unknown,FALSE
2026,3,13,0,C01606,bus,2.9,25.0,0.0,8.5,0,TRUE,unknown
2026,3,13,0,C02290,bus,2.9,25.0,0.0,8.5,0,unknown,partial
2026,3,13,0,C00600,bus,2.9,25.0,0.0,8.5,0,FALSE,partial
2026,3,13,0,C01005,bus,2.9,25.0,0.0,8.5,0,unknown,partial
2026,3,13,0,C02148,bus,2.9,25.0,0.0,8.5,0,FALSE,partial
2026,3,13,0,C01725,bus,2.9,25.0,0.0,8.5,0,unknown,unknown
2026,3,13,0,C01450,bus,2.9,25.0,0.0,8.5,0,FALSE,partial
2026,3,13,0,C02493,bus,2.9,25.0,0.0,8.5,0,unknown,unknown
2026,3,13,0,C01478,bus,2.9,25.0,0.0,8.5,0,unknown,partial
2026,3,13,0,C02676,bus,2.9,25.0,0.0,8.5,0,unknown,partial
2026,3,13,0,C00126,bus,2.9,25.0,0.0,8.5,0,unknown,FALSE
2026,3,13,0,C02714,bus,2.9,25.0,0.0,8.5,0,unknown,TRUE
2026,3,13,0,C00893,bus,2.9,25.0,0.0,8.5,0,unknown,partial